Date,Label,Village,District,Province,LAO 00:,Lat.,Long,Host,"Galls present/ absent (1= present, 0=absent)",No emergence,Leptocybe F,Leptocybe M,Total Leptocybe,Quadrastichus,Total wasps,unknown,%,,Label: LAO -,,,,,,,,,
29/01/2015,,,Kaysone Phomvihane,Savannakhet,15,16.550163,104.85724,,1,,0,0,0,14,14,,100,,,,,,,,,,,
31/03/2015,,Nabong,Xaysetha,Vientiane Capital,1,18.109722,102.75194,K7,0,,,,0,,0,,,,,,,,,,,,,
1/04/2015,,Houakhoua,Mayparkngum,Vientiane Capital,2,18.281111,102.76306,K7,1,x,,,0,,0,,,,,,,,,,,,,
1/04/2015,,Houana,Mayparkngum,Vientiane Capital,3,18.275,102.76194,K7,1,x,,,0,,0,,,,,,,,,,,,,
1/04/2015,,Dong,Thoulakhom,Vientiane,4,18.273333,102.68056,K7,1,x,,,0,,0,,,,,,,,,,Row Labels,Sum of Leptocybe F,Sum of Leptocybe M,Sum of Quadrastichus
1/04/2015,,Pak Hang,Thoulakhom,Vientiane,5,18.3425,102.66111,Euc. Sp,0,,,,0,,0,,,,,,,,,,Anouvong,,,
1/04/2015,,Phonekeo,Thoulakhom,Vientiane,6,18.305278,102.67056,Euc. Sp,0,,,,0,,0,,,,,,,,,,Atsaphangthong,,,
1/04/2015,,Na ngern,Thoulakhom,Vientiane,7,18.282222,102.71667,Euc. Sp,1,x,,,0,,0,,,,,,,,,,Champone,,,6
1/04/2015,,xaythany,Xaythany,Vientiane Capital,8,18.169722,102.62500,Euc. Sp,0,,,,0,,0,,,,,,,,,,Hinboun,,,
21/05/2015,,Phounhinhong,Nong,Savannakhet,9,16.40062,106.49432,Euc. Sp,1,x,,,0,,0,,,,,,,,,,Hinherb,7,,27
21/05/2015,,Tumlouang ,Nong,Savannakhet,10,16.53398,106.45922,Euc. Sp,1,x,,,0,,0,,,,,,,,,,Kaysone Phomvihane,0,0,14
21/05/2015,,Xangchaen ,Nong,Savannakhet,11,16.58194,106.42978,Euc. Sp,1,x,,,0,,0,,,,,,,,,,Khong,,,3
21/05/2015,,Feuang,Sepon,Savannakhet,12,16.62205,106.56377,Euc. Sp,1,x,,,0,,0,,,,,,,,,,Khongkhon,,,
21/05/2015,,Houysan,Sepon,Savannakhet,13,16.618,106.53969,Euc. Sp,1,x,,,0,,0,,,,,,,,,,Khongsedon,4,1,14
21/05/2015,,Houysan,Sepon,Savannakhet,14,16.61879,106.52972,Euc. Sp,1,x,,,0,,0,,,,,,,,,,Lakhonpheng,,,
21/05/2015,,Samoun,Sepon,Savannakhet,15,16.62208,106.50536,Euc. Sp,0,,,,0,,0,,,,,,,,,,Laongam,,,
21/05/2015,,Kaengyang,Sepon,Savannakhet,16,16.61313,106.48925,Euc. Sp,1,x,,,0,,0,,,,,,,,,,Mayparkngum,,,
21/05/2015,,Kadab,Sepon,Savannakhet,17,16.61847,106.47121,Euc. Sp,1,x,,,0,,0,,,,,,,,,,Nong,,,
21/05/2015,,Sakiphin,Sepon,Savannakhet,18,16.62129,106.45338,Euc. Sp,1,x,,,0,,0,,,,,,,,,,Outhoumphone,2,0,6
21/05/2015,,Kaengpae,Sepon,Savannakhet,19,16.644669,106.39187,Euc. Sp,1,x,,,0,,0,,,,,,,,,,Pakkading,,,
21/05/2015,,Kaenglouang ,Sepon,Savannakhet,20,16.64672,106.36089,Euc. Sp,1,x,,,0,,0,,,,,,,,,,Paklai,4,,9
21/05/2015,,Houy la ar,Sepon,Savannakhet,21,16.66682,106.23937,Euc. Sp,1,x,,,0,,0,,,,,,,,,,Paksan,1,0,0
22/05/2015,,Houy hok,Sepon,Savannakhet,22,16.68246,106.25657,Euc. Sp,1,x,,,0,,0,,,,,,,,,,Pathumphone,,,
22/05/2015,,Houy chaeng kao,Sepon,Savannakhet,23,16.68321,106.25079,Euc. Sp,1,x,,,0,,0,,,,,,,,,,Peak,34,3,41
22/05/2015,,Houy chaeng mai,Sepon,Savannakhet,24,16.6861,106.24620,Euc. Sp,1,x,,,0,,0,,,,,,,,,,Phalan,,,
22/05/2015,,Houy mouang,Sepon,Savannakhet,25,16.69117,106.23734,Euc. Sp,1,x,,,0,,0,,,,,,,,,,Phalanxay,0,0,1
22/05/2015,,Phon mouang,Sepon,Savannakhet,26,16.70824,106.18242,Euc. Sp,1,x,,,0,,0,,,,,,,,,,Phin,1,0,1
22/05/2015,,Nabo,Sepon,Savannakhet,27,16.71089,106.15159,Euc. Sp,1,x,,,0,,0,,,,,,,,,,Phonthong,6,,7
22/05/2015,,Houyxay,Sepon,Savannakhet,28,16.69282,106.13189,Euc. Sp,1,x,,,0,,0,,,,,,,,,,Phoukod,,,
22/05/2015,,Vangkung,Sepon,Savannakhet,29,16.64105,106.10682,Euc. Sp,1,x,,,0,,0,,,,,,,,,,Saiphouthong,,,
22/05/2015,,Kongtheun,Sepon,Savannakhet,30,16.66012,106.11582,Euc. Sp,1,,0,0,0,7,7,,100,,,,,,,,Salavanh,14,,17
22/05/2015,,Phonxay,Sepon,Savannakhet,31,16.67851,106.12955,Euc. Sp,1,x,,,0,,0,,,,,,,,,,Sanasomboun,5,,18
22/05/2015,,Labo,Sepon,Savannakhet,32,16.68833,106.12948,Euc. Sp,1,x,,,0,,0,,,,,,,,,,Sangthong,7,,92
23/05/2015,,Vienxay,Atsaphangthong,Savannakhet,48,16.69403,105.40538,Euc. Sp,1,x,,,0,,0,,,,,,,,,,Sebangphai,,,
23/05/2015,,Houamouang,Atsaphangthong,Savannakhet,49,16.70291,105.35578,Euc. Sp,1,x,,,0,,0,,,,,,,,,,Sepon,42,13,43
23/05/2015,,Dongkilo,Atsaphangthong,Savannakhet,50,16.70563,105.32267,Euc. Sp,1,x,,,0,,0,,,,,,,,,,Songkhon,,,4
23/05/2015,,Donghenh,Atsaphangthong,Savannakhet,51,16.70872,105.27425,Euc. Sp,1,x,,,0,,0,,,,,,,,,,Thahkek,,,
23/05/2015,,Khamtey,Atsaphangthong,Savannakhet,52,16.70996,105.24130,Euc. Sp,0,,,,0,,0,,,,,,,,,,Thaphabath,,,
23/05/2015,,Na,Atsaphangthong,Savannakhet,53,16.70319,105.16013,Euc. Sp,1,x,,,0,,0,,,,,,,,,,Thoulakhom,,,
23/05/2015,,Nonvilay,Outhoumphone,Savannakhet,54,16.69278,105.11647,Euc. Sp,1,x,,,0,,0,,,,,,,,,,Vapi,12,,19
23/05/2015,,Outhumphone,Outhoumphone,Savannakhet,55,16.6939,105.06504,Euc. Sp,1,x,,,0,,0,,,,,,,,,,Xaibouly,,,
23/05/2015,,Phon sa at,Phalan,Savannakhet,43,16.56011,105.72407,Euc. Sp,1,x,,,0,,0,,,,,,,,,,Xaithany,,,
23/05/2015,,Phalan,Phalan,Savannakhet,44,16.5933,105.67223,Euc. Sp,1,x,,,0,,0,,,,,,,,,,Xaybouly,,,
23/05/2015,,Phonmixay,Phalan,Savannakhet,45,16.60795,105.65570,Euc. Sp,1,x,,,0,,0,,,,,,,,,,Xayphouthong,2,0,0
23/05/2015,,Houy yha pheud,Phalan,Savannakhet,46,16.63573,105.64365,Euc. Sp,1,x,,,0,,0,,,,,,,,,,Xaysetha,,,
23/05/2015,,Kaeng,Phalan,Savannakhet,47,16.69153,105.50784,Euc. Sp,1,x,,,0,,0,,,,,,,,,,Xaythany,,,
23/05/2015,,Sechonh,Phin,Savannakhet,34,16.61701,106.10764,Euc. Sp,1,x,,,0,,0,,,,,,,,,,(blank),1,,7
23/05/2015,,Non yhang,Phin,Savannakhet,35,16.57512,106.07410,Euc. Sp,1,x,,,0,,0,,,,,,,,,,Grand Total,142,17,329
23/05/2015,,Sethamuak,Phin,Savannakhet,36,16.58081,105.87909,Euc. Sp,1,x,,,0,,0,,,,,,,,,,,,,
23/05/2015,,Anousanya,Phin,Savannakhet,37,16.57538,105.86658,Euc. Sp,1,,0,0,0,1,1,,100,,,,,,,,,,,
23/05/2015,,Souanyang,Phin,Savannakhet,38,16.57474,105.82907,Euc. Sp,1,x,,,0,,0,,,,,,,,,,,,,
23/05/2015,,Kongtheun,Phin,Savannakhet,39,16.57668,105.82262,Euc. Sp,1,x,,,0,,0,,,,,,,,,,,,,
23/05/2015,,Salaikaibang,Phin,Savannakhet,40,16.57587,105.79481,Euc. Sp,1,x,,,0,,0,,,,,,,,,,,,,
23/05/2015,,Alouymai,Phin,Savannakhet,41,16.56911,105.77732,Euc. Sp,1,x,,,0,,0,,,,,,,,,,,,,
23/05/2015,,Dongkaphoh,Phin,Savannakhet,42,16.56999,105.75948,Euc. Sp,1,x,,,0,,0,,,,,,,,,,,,,
23/05/2015,,Nong kob,Sepon,Savannakhet,33,16.70085,106.14176,Euc. Sp,1,x,,,0,,0,,,,,,,,,,,,,
24/05/2015,,Seno,Outhoumphone,Savannakhet,56,16.68404,104.95724,Euc. Sp,1,x,,,0,,0,,,,,,,,,,,,,
24/05/2015,,Chome chaeng,Outhoumphone,Savannakhet,57,16.71492,104.94007,Euc. Sp,1,x,,,0,,0,,,,,,,,,,,,,
24/05/2015,,Phosy,Outhoumphone,Savannakhet,58,16.72885,104.92033,Euc. Sp,1,x,,,0,,0,,,,,,,,,,,,,
24/05/2015,,Naxay,Outhoumphone,Savannakhet,59,16.74018,104.90624,Euc. Sp,1,,1,0,1,0,1,,0,,,,,,,,,,,
24/05/2015,,Na nok khien,Outhoumphone,Savannakhet,60,16.80237,104.90690,Euc. Sp,1,x,,,0,,0,,,,,,,,,,,,,
24/05/2015,,Nong ta kob,Outhoumphone,Savannakhet,61,16.83211,104.90321,Euc. Sp,1,x,,,0,,0,,,,,,,,,,,,,
24/05/2015,,Kaeng haed,Outhoumphone,Savannakhet,62,16.87767,104.90576,Euc. Sp,1,x,,,0,,0,,,,,,,,,,,,,
24/05/2015,,Khok kaeng,Sebangphai,Khammouane,68,17.18883,105.00359,Euc. Sp,1,x,,,0,,0,,,,,,,,,,,,,
24/05/2015,,Houy tad,Sebangphai,Khammouane,69,17.22857,104.99699,Euc. Sp,1,x,,,0,,0,,,,,,,,,,,,,
24/05/2015,,Kham dok mai,Thahkek,Khammouane,70,17.27536,104.98505,Euc. Sp,1,x,,,0,,0,,,,,,,,,,,,,
24/05/2015,,Kham ka saen,Thahkek,Khammouane,71,17.28523,104.97471,Euc. Sp,1,x,,,0,,0,,,,,,,,,,,,,
24/05/2015,,Na some,Xaybouly,Savannakhet,63,16.9338,104.91102,Euc. Sp,1,x,,,0,,0,,,,,,,,,,,,,
24/05/2015,,Na sok,Xaybouly,Savannakhet,64,16.95654,104.91505,Euc. Sp,1,x,,,0,,0,,,,,,,,,,,,,
24/05/2015,,Kheua khao kad,Xaybouly,Savannakhet,65,16.9693,104.92046,Euc. Sp,1,x,,,0,,0,,,,,,,,,,,,,
24/05/2015,,Na mouang noi,Xaybouly,Savannakhet,66,17.01259,104.97583,Euc. Sp,1,x,,,0,,0,,,,,,,,,,,,,
24/05/2015,,Nathong,Xaybouly,Savannakhet,67,17.0468,104.99481,Euc. Sp,1,x,,,0,,0,,,,,,,,,,,,,
25/05/2015,,Non boua,Thahkek,Khammouane,72,17.3831,104.82314,Euc. Sp,0,,,,0,,0,,,,,,,,,,,,,
25/05/2015,,Tha khaek,Thahkek,Khammouane,73,17.38055,104.81004,Euc. Sp,1,x,,,0,,0,,,,,,,,,,,,,
25/05/2015,,Nong pa noi,Thahkek,Khammouane,74,17.63634,104.66302,Euc. Sp,1,x,,,0,,0,,,,,,,,,,,,,
26/05/2015,,Houy Heua mai,Hinboun,Khammouane,75,17.82528,104.45129,Euc. Sp,0,,,,0,,0,,,,,,,,,,,,,
26/05/2015,,Lao kha,Hinboun,Khammouane,76,17.89555,104.38857,Euc. Sp,0,,,,0,,0,,,,,,,,,,,,,
27/05/2015,,Phon sa at,Paksan,Bolikhamxay,81,18.38602,103.70651,Euc. Sp,0,,,,0,,0,,,,LAO015/1-42039-SKT-1; LAO015/2-42037-SKT-2; LAO015/3-42037-SKT-3; LAO015/4-42039-SKT-4,,,,,,,,,
27/05/2015,,Thong Na mi,Pakkading,Bolikhamxay,77,18.14607,104.25281,Euc. Sp,0,,,,0,,0,,,,,,,,,,,,,
27/05/2015,,Nam deua,Pakkading,Bolikhamxay,78,18.25346,104.17906,Euc. Sp,1,x,,,0,,0,,,,,,,,,,,,,
27/05/2015,,Phoxay,Pakkading,Bolikhamxay,79,18.28623,104.07405,Euc. Sp,1,x,,,0,,0,,,,,,,,,,,,,
27/05/2015,,Sen sam ian,Pakkading,Bolikhamxay,80,18.32574,103.88897,Euc. Sp,1,x,,,0,,0,,,,,,,,,,,,,
28/05/2015,,Thang khong,Anouvong,Xaisomboun,91,18.70844,102.92125,Euc. Sp,1,x,,,0,,0,,,,,,,,,,,,,
28/05/2015,,Some pa sert,Mayparkngum,Vientiane Capital,90,18.14672,103.05300,Euc. Sp,0,,,,0,,0,,,,,,,,,,,,,
28/05/2015,,Houy siet,Paksan,Bolikhamxay,82,18.39819,103.62921,Euc. Sp,0,,,,0,,0,,,,,,,,,,,,,
28/05/2015,,Pak Ngieb,Paksan,Bolikhamxay,83,18.41332,103.61062,Euc. Sp,1,x,,,0,,0,,,,,,,,,,,,,
28/05/2015,,Nong yha,Paksan,Bolikhamxay,84,18.4334,103.56200,Euc. Sp,1,x,,,0,,0,,,,,,,,,,,,,
28/05/2015,,Pak thouy,Thaphabath,Bolikhamxay,85,18.43516,103.41650,Euc. Sp,1,x,,,0,,0,,,,,,,,,,,,,
28/05/2015,,Tha bok,Thaphabath,Bolikhamxay,86,18.40414,103.22038,Euc. Sp,1,x,,,0,,0,,,,,,,,,,,,,
28/05/2015,,Tha bok,Thaphabath,Bolikhamxay,87,18.38094,103.20277,Euc. Sp,1,x,,,0,,0,,,,,,,,,,,,,
28/05/2015,,Pa lai,Thaphabath,Bolikhamxay,88,18.35794,103.19821,Euc. Sp,0,,,,0,,0,,,,,,,,,,,,,
28/05/2015,,Pha bad,Thaphabath,Bolikhamxay,89,18.28688,103.17204,Euc. Sp,0,,,,0,,0,,,,,,,,,,,,,
28/05/2015,,Bo lek,Xaithany,Bolikhamxay,92,18.04979,102.86240,Euc. Sp,0,,,,0,,0,,,,,,,,,,,,,
29/09/2015,LAO29/09/2015-001,Phiengdi,Khong,Champasak,1,14.3,105.9268,Euc. Sp,1,,,,0,3,3,,100,,,,,,,,,,,
29/09/2015,LAO29/09/2015-002,Hinhong,Khong,Champasak,2,14.07268,105.89706,Euc. Sp,1,x,,,0,,0,,,,,,,,,,,,,
29/09/2015,LAO29/09/2015-003,Donkhong,Khong,Champasak,3,14.88095,105.88033,Euc. Sp,0,,,,0,,0,,,,,,,,,,,,,
29/09/2015,LAO29/09/2015-004,Houay,Khong,Champasak,4,14.09155,105.84133,Euc. Sp,1,x,,,0,,0,,,,,,,,,,,,,
30/09/2015,LAO30/09/2015-001,Hatsaikhao,Khong,Champasak,1,14.12745,105.87446,Euc. Sp,1,x,,,0,,0,,,,,,,,,,,,,
30/09/2015,LAO30/09/2015-002,Boung,Khong,Champasak,2,14.45207,105.88797,Euc. Sp,1,x,,,0,,0,,,,LAO017-42149-Kongtheun village-1,,,,,,,,,
30/09/2015,LAO30/09/2015-003,Naseuak,Khong,Champasak,3,14.19602,105.91011,Euc. Sp,1,x,,,0,,0,,,,,,,,,,,,,
30/09/2015,LAO30/09/2015-004,Veang,Khong,Champasak,4,14.24778,105.91892,Euc. Sp,1,x,,,0,,0,,,,,,,,,,,,,
30/09/2015,LAO30/09/2015-005,Phonsaat,Khong,Champasak,5,14.28914,105.91589,Euc. Sp,1,x,,,0,,0,,,,,,,,,,,,,
30/09/2015,LAO30/09/2015-006,Chat,Khong,Champasak,6,14.32621,105.91519,Euc. Sp,1,x,,,0,,0,,,,,,,,,,,,,
30/09/2015,LAO30/09/2015-007,Thapho,Khong,Champasak,7,14.37936,105.90543,Euc. Sp,1,x,,,0,,0,,,,,,,,,,,,,
30/09/2015,LAO30/09/2015-008,Nafang,Khong,Champasak,8,14.42645,105.88594,Euc. Sp,1,x,,,0,,0,,,,,,,,,,,,,
30/09/2015,LAO30/09/2015-009,Nafangnoi,Khong,Champasak,9,14.46566,105.88353,Euc. Sp,1,x,,,0,,0,,,,LAO018-42149-Anousanya village-1/-2,,,,,,,,,
30/09/2015,LAO30/09/2015-010,Kokpeuayyhai,Pathumphone,Champasak,10,14.49513,105.88059,Euc. Sp,1,x,,,0,,0,,,,,,,,,,,,,
30/09/2015,LAO30/09/2015-011,Paao,Pathumphone,Champasak,11,14.53217,105.88314,Euc. Sp,0,,,,0,,0,,,,,,,,,,,,,
30/09/2015,LAO30/09/2015-012,Namdeua,Pathumphone,Champasak,12,14.67229,105.90908,Euc. Sp,1,x,,,0,,0,,,,,,,,,,,,,
30/09/2015,LAO30/09/2015-013,Houayphai,Pathumphone,Champasak,13,14.73421,105.9625,Euc. Sp,1,x,,,0,,0,,,,,,,,,,,,,
30/09/2015,LAO30/09/2015-014,Lak 47,Pathumphone,Champasak,14,14.80886,105.97272,Euc. Sp,1,x,,,0,,0,,,,,,,,,,,,,
30/09/2015,LAO30/09/2015-015,Lak 40,Pathumphone,Champasak,15,14.82999,105.95517,Euc. Sp,0,,,,0,,0,,,,,,,,,,,,,
30/09/2015,LAO30/09/2015-016,Outhumphone,Pathumphone,Champasak,16,14.90343,105.93494,Euc. Sp,1,x,,,0,,0,,,,,,,,,,,,,
30/09/2015,LAO30/09/2015-017,Lak 30,Pathumphone,Champasak,17,14.92427,105.93818,Euc. Sp,1,x,,,0,,0,,,,,,,,,,,,,
30/09/2015,LAO30/09/2015-018,Houaynamsai,Pathumphone,Champasak,18,14.96782,105.92097,Euc. Sp,1,x,,,0,,0,,,,,,,,,,,,,
1/10/2015,LAO01/10/2015-001,Sivilay,Sanasomboun,Champasak,1,15.20285,105.74049,Euc. Sp,1,,1,,1,4,5,,80,,,,,,,,,,,
1/10/2015,LAO01/10/2015-002,Nakeo,Sanasomboun,Champasak,2,15.26899,105.71335,Euc. Sp,1,x,,,0,,0,,,,,,,,,,,,,
1/10/2015,LAO01/10/2015-003,Lak 9,Sanasomboun,Champasak,3,15.18252,105.75294,Euc. Sp,1,x,,,0,,0,,,,,,,,,,,,,
1/10/2015,LAO01/10/2015-004,Donglankham,Sanasomboun,Champasak,4,15.24425,105.72346,Euc. Sp,1,x,,,0,,0,,,,,,,,,,,,,
1/10/2015,LAO01/10/2015-005,Mouang,Sanasomboun,Champasak,5,15.27749,105.72401,Euc. Sp,0,,,,0,,0,,,,,,,,,,,,,
1/10/2015,LAO01/10/2015-006,Sanasomboun,Sanasomboun,Champasak,6,15.29213,105.73265,Euc. Sp,0,,,,0,,0,,,,LAO019-42149-Naxay village-1,,,,,,,,,
1/10/2015,LAO01/10/2015-007,Khammek,Sanasomboun,Champasak,7,15.32507,105.76407,Euc. Sp,1,,,,0,4,4,,100,,,,,,,,,,,
1/10/2015,LAO01/10/2015-008,Na ngam,Sanasomboun,Champasak,8,15.34032,105.77909,Euc. Sp,1,,2,,2,6,8,,75,,,,,,,,,,,
1/10/2015,LAO01/10/2015-009,Nongphai,Sanasomboun,Champasak,9,15.39305,105.8065,Euc. Sp,1,,2,,2,4,6,,66.65,,,,,,,,,,,
2/10/2015,LAO02/10/2015-001,Nongboua,Phonthong,Champasak,1,15.10275,105.77026,Euc. Sp,1,x,,,0,,0,,,,,,,,,,,,,
2/10/2015,LAO02/10/2015-002,Vat phusamly,Phonthong,Champasak,2,15.12284,105.63965,Euc. Sp,1,,1,,1,,1,,0,,,,,,,,,,,
2/10/2015,LAO02/10/2015-003,Dou,Phonthong,Champasak,3,15.13565,105.62922,Euc. Sp,1,,1,,1,5,6,,83.33,,,,,,,,,,,
2/10/2015,LAO02/10/2015-004,Dongyang,Phonthong,Champasak,4,15.15625,105.57833,Euc. Sp,1,,1,,1,,1,,0,,,,,,,,,,,
2/10/2015,LAO02/10/2015-005,Donchod,Phonthong,Champasak,5,15.1438,105.51234,Euc. Sp,1,x,,,0,,0,,,,,,,,,,,,,
2/10/2015,LAO02/10/2015-006,Nonsamphanh,Phonthong,Champasak,6,15.13986,105.51825,Euc. Sp,1,,,,0,1,1,,100,,,,,,,,,,,
2/10/2015,LAO02/10/2015-007,Vangtao,Phonthong,Champasak,7,15.13567,105.049406,Euc. Sp,1,,3,,3,1,4,,25,,,,,,,,,,,
3/10/2015,LAO03/10/2015-002,Lak 11,Khongsedon,Salavanh,2,15.67682,105.75968,Euc. Sp,1,,,,0,5,5,,100,,,,,,,,,,,
3/10/2015,LAO03/10/2015-003,Donkhang,Khongsedon,Salavanh,3,15.68647,105.7815,Euc. Sp,1,,1,,1,3,4,,75,,,,,,,,,,,
3/10/2015,LAO03/10/2015-004,Nongkhitom,Khongsedon,Salavanh,4,15.69224,105.77496,Euc. Sp,1,,2,,2,4,6,,66.65,,,,,,,,,,,
3/10/2015,LAO03/10/2015-005,Phuvieng,Khongsedon,Salavanh,5,15.70013,105.76659,Euc. Sp,0,,,,0,,0,,,,,,,,,,,,,
3/10/2015,LAO03/10/2015-001,Dan,Sanasomboun,Champasak,1,15.42857,105.77789,Euc. Sp,0,,,,0,,0,,,,,,,,,,,,,
7/10/2015,,Unknown,,Unknown location,7,,,Euc. Sp,1,,,,0,6,6,,100,,,,,,,,,,,
19/10/2015,LAO19/10/2015-001,Phonthong,Peak,Xiengkhouang,1,19.4,103.17631,Euc. Sp,1,,,,0,4,4,,100,,,,,,,,,,,
19/10/2015,LAO19/10/2015-002,Thonghai,Peak,Xiengkhouang,2,19.42751,103.15924,Euc. Sp,1,,,,0,1,1,,100,,,,,,,,,,,
19/10/2015,LAO19/10/2015-003,Khangyao,Peak,Xiengkhouang,3,19.37949,103.17026,Euc. Sp,0,,,,0,,0,,,,,,,,,,,,,
19/10/2015,LAO19/10/2015-004,Ton,Peak,Xiengkhouang,4,19.37422,103.159332,Euc. Sp,1,x,,,0,,0,,,,,,,,,,,,,
19/10/2015,LAO19/10/2015-005,Manzon,Peak,Xiengkhouang,5,19.56152,103.29231,Euc. Sp,0,,,,0,,0,,,,,,,,,,,,,
19/10/2015,LAO19/10/2015-006,Khai,Peak,Xiengkhouang,6,19.57803,103.3215,Euc. Sp,1,x,,,0,,0,,,,,,,,,,,,,
20/10/2015,LAO20/10/2015-001,Ngoy,Peak,Xiengkhouang,1,19.46456,103.18089,Euc. Sp,1,,26,2,28,19,47,,40.25,,,,,,,,,,,
20/10/2015,LAO20/10/2015-002,Nahoy,Peak,Xiengkhouang,2,19.47475,103.16057,Euc. Sp,1,,8,1,9,17,26,,70.86,,,,,,,,,,,
20/10/2015,LAO20/10/2015-003,Nahoy,Peak,Xiengkhouang,3,19.47589,103.14368,Euc. Sp,0,,,,0,,0,,,,,,,,,,,,,
20/10/2015,LAO20/10/2015-004,Phouvieng,Phoukod,Xiengkhouang,4,19.5602,103.08742,Euc. Sp,0,,,,0,,0,,,,,,,,,,,,,
23/10/2015,LAO23/10/2015-001,Saneum,Laongam,Salavanh,1,15.49396,106.27123,Euc. Sp,1,,,,0,,0,,,,,,,,,,,,,
23/10/2015,LAO23/10/2015-002,Nakhoysao,Salavanh,Salavanh,2,15.66759,106.30971,Euc. Sp,1,,,,0,,0,,,,,,,,,,,,,
23/10/2015,LAO23/10/2015-003,Laksong,Salavanh,Salavanh,3,15.69969,106.40422,Euc. Sp,0,,,,0,,0,,,,,,,,,,,,,
23/10/2015,LAO23/10/2015-004,Khanthalath,Salavanh,Salavanh,4,15.74051,106.37729,Euc. Sp,1,,,,0,5,5,,100,,,,,,,,,,,
23/10/2015,LAO23/10/2015-005,Taleo,Salavanh,Salavanh,5,15.8356,106.38867,Euc. Sp,1,x,,,0,,0,,,,,,,,,,,,,
23/10/2015,LAO23/10/2015-006,Nadou,Salavanh,Salavanh,6,15.85061,106.38596,Euc. Sp,0,,,,0,,0,,,,,,,,,,,,,
23/10/2015,LAO23/10/2015-007,Nadon,Salavanh,Salavanh,7,15.71332,106.39735,Euc. Sp,0,,,,0,,0,,,,,,,,,,,,,
24/10/2015,LAO24/10/2015-012,Khunkeo,Khongsedon,Salavanh,12,15.65252,105.83937,Euc. Sp,1,,1,1,2,2,4,,50,,,,,,,,,,,
24/10/2015,LAO24/10/2015-001,Phonphai,Salavanh,Salavanh,1,15.71352,106.36418,Euc. Sp,1,,2,,2,,2,,0,,,,,,,,,,,
24/10/2015,LAO24/10/2015-002,Nadonkhouang,Salavanh,Salavanh,2,15.71072,106.33377,Euc. Sp,1,,9,,9,11,20,,55,,,,,,,,,,,
24/10/2015,LAO24/10/2015-003,Nadonkhouang,Salavanh,Salavanh,3,15.70775,106.32389,Euc. Sp,1,,3,,3,1,4,,25,,,,,,,,,,,
24/10/2015,LAO24/10/2015-004,Nadonkeo,Vapi,Salavanh,4,15.7579,106.19687,Euc. Sp,1,x,,,0,,0,,,,,,,,,,,,,
24/10/2015,LAO24/10/2015-005,Samia,Vapi,Salavanh,5,15.69546,106.04041,Euc. Sp,1,x,,,0,,0,,,,,,,,,,,,,
24/10/2015,LAO24/10/2015-006,Hath,Vapi,Salavanh,6,15.69668,106.02245,Euc. Sp,1,x,,,0,,0,,,,,,,,,,,,,
24/10/2015,LAO24/10/2015-007,Suthi,Vapi,Salavanh,7,15.69893,106.00878,Euc. Sp,1,x,,,0,,0,,,,,,,,,,,,,
24/10/2015,LAO24/10/2015-008,Mouang,Vapi,Salavanh,8,15.69525,105.96556,Euc. Sp,1,,6,,6,6,12,,50,,,,,,,,,,,
24/10/2015,LAO24/10/2015-009,Saphat,Vapi,Salavanh,9,15.69554,105.96563,Euc. Sp,1,x,,,0,,0,,,,,,,,,,,,,
24/10/2015,LAO24/10/2015-010,Bangkhanam,Vapi,Salavanh,10,15.67509,105.93421,Euc. Sp,1,,4,,4,4,8,,50,,,,,,,,,,,
24/10/2015,LAO24/10/2015-011,Vapi,Vapi,Salavanh,11,15.66298,105.89281,Euc. Sp,1,,2,,2,9,11,,81.8,,,,,,,,,,,
25/10/2015,LAO25/10/2015-001,Dan,Khongsedon,Salavanh,1,15.74991,105.73898,Euc. Sp,0,,,,0,,0,,,,,,,,,,,,,
25/10/2015,LAO25/10/2015-002,Phoudaocheangyai,Khongsedon,Salavanh,2,15.76468,105.72858,Euc. Sp,1,x,,,0,,0,,,,,,,,,,,,,
25/10/2015,LAO25/10/2015-003,Lak 90,Lakhonpheng,Salavanh,3,15.80554,105.69422,Euc. Sp,0,,,,0,,0,,,,,,,,,,,,,
25/10/2015,LAO25/10/2015-004,Sokpheng,Lakhonpheng,Salavanh,4,15.86153,105.60257,Euc. Sp,0,,,,0,,0,,,,,,,,,,,,,
25/10/2015,LAO25/10/2015-005,Lakhonsy,Lakhonpheng,Salavanh,5,15.89989,105.55766,Euc. Sp,0,,,,0,,0,,,,,,,,,,,,,
25/10/2015,LAO25/10/2015-006,Khampheng,Lakhonpheng,Salavanh,6,15.98514,105.84678,Euc. Sp,1,x,,,0,,0,,,,,,,,,,,,,
25/10/2015,LAO25/10/2015-014,Dongmakphai,Saiphouthong,Savannakhet,14,16.34836,105.07578,Euc. Sp,1,x,,,0,,0,,,,,,,,,,,,,
25/10/2015,LAO25/10/2015-015, zone Lak 35,Saiphouthong,Savannakhet,15,16.48265,105.04411,Euc. Sp,1,x,,,0,,0,,,,,,,,,,,,,
25/10/2015,LAO25/10/2015-007,Nachalern,Songkhon,Savannakhet,7,16.04049,105.42559,Euc. Sp,0,,,,0,,0,,,,,,,,,,,,,
25/10/2015,LAO25/10/2015-008,Sebanghieng,Songkhon,Savannakhet,8,16.0717,105.40222,Euc. Sp,1,x,,,0,,0,,,,,,,,,,,,,
25/10/2015,LAO25/10/2015-009,Taothan,Songkhon,Savannakhet,9,16.11477,105.36746,Euc. Sp,0,,,,0,,0,,,,,,,,,,,,,
25/10/2015,LAO25/10/2015-010,Phoxai,Songkhon,Savannakhet,10,16.1276,105.35808,Euc. Sp,1,x,,,0,,0,,,,,,,,,,,,,
25/10/2015,LAO25/10/2015-011,Nonphay,Songkhon,Savannakhet,11,16.22469,105.24325,Euc. Sp,1,x,,,0,,0,,,,,,,,,,,,,
25/10/2015,LAO25/10/2015-012,Nonsomphou,Songkhon,Savannakhet,12,16.27298,105.14434,Euc. Sp,1,,,,0,4,4,,100,,,,,,,,,,,
25/10/2015,LAO25/10/2015-013,Oumnamkhong,Songkhon,Savannakhet,13,16.32435,105.12059,Euc. Sp,0,,,,0,,0,,,,,,,,,,,,,
26/10/2015,LAO26/10/2015-001,Khontea,Champone,Savannakhet,1,16.56682,105.02859,Euc. Sp,1,x,,,0,,0,,,,,,,,,,,,,
26/10/2015,LAO26/10/2015-002,Nongped,Champone,Savannakhet,2,16.58202,105.03685,Euc. Sp,1,,,,0,6,6,,100,,,,,,,,,,,
26/10/2015,LAO26/10/2015-011,Nongboua,Hinboun,Khammouane,11,17.65534,104.64887,Euc. Sp,0,,,,0,,0,,,,,,,,,,,,,
26/10/2015,LAO26/10/2015-012,Sisomseun,Hinboun,Khammouane,12,17.6781,104.61144,Euc. Sp,0,,,,0,,0,,,,,,,,,,,,,
26/10/2015,LAO26/10/2015-013,Laolouang,Hinboun,Khammouane,13,17.87061,104.41651,Euc. Sp,1,x,,,0,,0,,,,,,,,,,,,,
26/10/2015,LAO26/10/2015-003,Phintay,Outhoumphone,Savannakhet,3,16.6366,105.01566,Euc. Sp,1,,1,,1,,1,,0,,,,,,,,,,,
26/10/2015,LAO26/10/2015-004,Chomcheang,Outhoumphone,Savannakhet,4,16.71539,104.93987,Euc. Sp,1,x,,,0,,0,,,,,,,,,,,,,
26/10/2015,LAO26/10/2015-005,Tonpheung,Outhoumphone,Savannakhet,5,16.74375,104.90356,Euc. Sp,1,,,,0,3,3,,100,,,,,,,,,,,
26/10/2015,LAO26/10/2015-006,Somphatvilay,Outhoumphone,Savannakhet,6,16.80294,104.90704,Euc. Sp,1,x,,,0,,0,,,,,,,,,,,,,
26/10/2015,LAO26/10/2015-014,Namdeua,Pakkading,Bolikhamxay,14,18.25366,104.17893,Euc. Sp,0,,,,0,,0,,,,,,,,,,,,,
26/10/2015,LAO26/10/2015-015,Pakngam,Paksan,Bolikhamxay,15,18.41356,103.6109,Euc. Sp,0,,,,0,,0,,,,,,,,,,,,,
26/10/2015,LAO26/10/2015-009,Khambun,Sebangphai,Khammouane,9,17.24561,104.99006,Euc. Sp,0,,,,0,,0,,,,,,,,,,,,,
26/10/2015,LAO26/10/2015-010,Dongkasean,Thahkek,Khammouane,10,17.28461,107.97562,Euc. Sp,0,,,,0,,0,,,,,,,,,,,,,
26/10/2015,LAO26/10/2015-016,Pakthouay,Thaphabath,Bolikhamxay,16,18.45334,103.46152,Euc. Sp,1,x,,,0,,0,,,,,,,,,,,,,
26/10/2015,LAO26/10/2015-007,Dongkachou,Xaibouly,Khammouane,7,17.01218,104.9748,Euc. Sp,0,,,,0,,0,,,,,,,,,,,,,
26/10/2015,LAO26/10/2015-008,Houaythong,Xaibouly,Khammouane,8,17.04432,104.99509,Euc. Sp,1,x,,,0,,0,,,,,,,,,,,,,
29/10/2015,,Unknown,,Unknown location,6,,,Euc. Sp,1,,1,,1,1,2,,50,,,,,,,,,,,
3/05/2016,LAO03/05/2016-001,Tamlouang,Nong,Savannakhet,,16.53386,106.45982,Euc. Sp,1,x,,,0,,0,,,,,,,,,,,,,
3/05/2016,LAO03/05/2016-002,Houay yon,Nong,Savannakhet,,16.58302,106.42869,Euc. Sp,1,x,,,0,,0,,,,,,,,,,,,,
3/05/2016,LAO03/05/2016-003,Khouahouaysan,Sepon,Savannakhet,,16.62199,106.56387,Euc. Sp,1,,42,13,55,35,90,,38.88888889,,,,,,,,,,,
3/05/2016,LAO03/05/2016-004,Houaysan,Sepon,Savannakhet,,16.61782,106.53319,Euc. Sp,1,x,,,0,,0,,,,,,,,,,,,,
3/05/2016,LAO03/05/2016-005,Kaenpea,Sepon,Savannakhet,,16.6467,106.39188,Euc. Sp,1,x,,,0,,0,,,,,,,,,,,,,
3/05/2016,LAO03/05/2016-006,Houay a lai,Sepon,Savannakhet,,16.64708,106.35786,Euc. Sp,1,x,,,0,,0,,,,,,,,,,,,,
3/05/2016,LAO03/05/2016-007,Houay mouang,Sepon,Savannakhet,,16.69151,106.23656,Euc. Sp,1,x,,,0,,0,,,,,,,,,,,,,
4/05/2016,LAO04/05/2016-001,Mouang,Sepon,Savannakhet,,16.70787,106.183333,,1,x,,,0,,0,,,,,,,,,,,,,
4/05/2016,LAO04/05/2016-002,Houay kok 2,Sepon,Savannakhet,,16.70719,106.14806,,1,x,,,0,,0,,,,,,,,,,,,,
4/05/2016,LAO04/05/2016-003,Houay say,Sepon,Savannakhet,,16.69298,106.13209,,1,x,,,0,,0,,,,,,,,,,,,,
4/05/2016,LAO04/05/2016-004,Labokang,Sepon,Savannakhet,,16.68822,106.12949,,1,x,,,0,,0,,,,,,,,,,,,,
4/05/2016,LAO04/05/2016-005,Labotham,Sepon,Savannakhet,,16.66772,106.11771,,1,x,,,0,,0,,,,,,,,,,,,,
4/05/2016,LAO04/05/2016-006,Vangbouang neau,Sepon,Savannakhet,,16.617,106.10776,,1,,0,0,0,1,1,,100,,,,,,,,,,,
4/05/2016,LAO04/05/2016-007,Phonxay,Sepon,Savannakhet,,16.67147,106.12485,,1,x,,,0,,0,,,,,,,,,,,,,
4/05/2016,LAO04/05/2016-008,Keangki,Sepon,Savannakhet,,16.70264,106.14263,,1,x,,,0,,0,,,,,,,,,,,,,
5/05/2016,Lao05/05/2016-014,Bouakham,Atsaphangthong,Savannakhet,,16.69318,105.45264,,1,x,,,0,,0,,,,,,,,,,,,,
5/05/2016,Lao05/05/2016-015,Lienxay,Atsaphangthong,Savannakhet,,16.694,105.40116,,0,,,,0,,0,,,,,,,,,,,,,
5/05/2016,Lao05/05/2016-016,Houamouang,Atsaphangthong,Savannakhet,,16.70059,105.35978,,1,x,,,0,,0,,,,,,,,,,,,,
5/05/2016,Lao05/05/2016-017,Donghenh,Atsaphangthong,Savannakhet,,16.70846,105.2746,,1,x,,,0,,0,,,,,,,,,,,,,
5/05/2016,Lao05/05/2016-018,Na,Atsaphangthong,Savannakhet,,16.70318,105.16013,,1,x,,,0,,0,,,,,,,,,,,,,
5/05/2016,Lao05/05/2016-019,Phontad,Outhoumphone,Savannakhet,,16.7018,105.12998,,1,,0,0,0,1,1,,100,,,,,,,,,,,
5/05/2016,Lao05/05/2016-020,Xay sa at,Outhoumphone,Savannakhet,,16.69376,105.065,,1,x,,,0,,0,,,,,,,,,,,,,
5/05/2016,Lao05/05/2016-009,Non sa at,Phalanxay,Savannakhet,,16.56128,105.72936,,1,x,,,0,,0,,,,,,,,,,,,,
5/05/2016,Lao05/05/2016-010,Nonmixay,Phalanxay,Savannakhet,,16.58731,105.67595,,1,x,,,0,,0,,,,,,,,,,,,,
5/05/2016,Lao05/05/2016-011,Phosy,Phalanxay,Savannakhet,,16.61575,105.65047,,1,,0,0,0,1,1,,100,,,,,,,,,,,
5/05/2016,Lao05/05/2016-012,Houamouang,Phalanxay,Savannakhet,,16.64082,105.63506,,1,x,,,0,,0,,,,,,,,,,,,,
5/05/2016,Lao05/05/2016-013,Phalantay,Phalanxay,Savannakhet,,16.67589,1055221,,1,x,,,0,,0,,,,,,,,,,,,,
5/05/2016,Lao05/05/2016-001,non sa at,Phin,Savannakhet,,16.54374,105.95933,,0,,,,0,,0,,,,,,,,,,,,,
5/05/2016,Lao05/05/2016-002,The sa mouak,Phin,Savannakhet,,16.58059,105.87759,,0,,,,0,,0,,,,,,,,,,,,,
5/05/2016,Lao05/05/2016-003,Kong ya,Phin,Savannakhet,,16.57483,105.83681,,1,x,,,0,,0,,,,,,,,,,,,,
5/05/2016,Lao05/05/2016-004,Kong hin,Phin,Savannakhet,,16.57612,105.82713,,1,x,,,0,,0,,,,,,,,,,,,,
5/05/2016,Lao05/05/2016-005,Phoutamoup,Phin,Savannakhet,,16.56785,105.79725,,1,x,,,0,,0,,,,,,,,,,,,,
5/05/2016,Lao05/05/2016-006, A louay,Phin,Savannakhet,,16.56914,105.77831,,1,x,,,0,,0,,,,,,,,,,,,,
5/05/2016,Lao05/05/2016-007,Houay tho,Phin,Savannakhet,,16.57001,105.75961,,1,x,,,0,,0,,,,,,,,,,,,,
5/05/2016,Lao05/05/2016-008,Zone dongkapho,Phin,Savannakhet,,16.56273,105.74446,,1,,1,0,1,0,1,,0,,,,,,,,,,,
6/05/2016,LAO06/05/2016-004,Khontea,Champone,Savannakhet,,16.5669,105.02866,,1,x,,,0,,0,,,,,,,,,,,,,
6/05/2016,LAO06/05/2016-005,Houay yang,Champone,Savannakhet,,16.53281,105.2592,,1,x,,,0,,0,,,,,,,,,,,,,
6/05/2016,LAO06/05/2016-006,Sivilay,Champone,Savannakhet,,16.51363,105.02849,,1,x,,,0,,0,,,,,,,,,,,,,
6/05/2016,LAO06/05/2016-007,Lak 35,Champone,Savannakhet,,16.48325,105.04341,,1,x,,,0,,0,,,,,,,,,,,,,
6/05/2016,LAO06/05/2016-012,Oumnamkhong,Khongkhon,Savannakhet,,16.32738,105.11614,,1,x,,,0,,0,,,,,,,,,,,,,
6/05/2016,LAO06/05/2016-013,Tadsaykham,Khongkhon,Savannakhet,,16.2945,105.13706,,1,x,,,0,,0,,,,,,,,,,,,,
6/05/2016,LAO06/05/2016-014,Nonsomphou,Khongkhon,Savannakhet,,16.2732,105.14389,,1,x,,,0,,0,,,,,,,,,,,,,
6/05/2016,LAO06/05/2016-001,Phinneau,Outhoumphone,Savannakhet,,16.6366,105.01572,,1,x,,,0,,0,,,,,,,,,,,,,
6/05/2016,LAO06/05/2016-002,Phintay,Outhoumphone,Savannakhet,,16.62437,105.02167,,1,x,,,0,,0,,,,,,,,,,,,,
6/05/2016,LAO06/05/2016-003,Nicahn,Outhoumphone,Savannakhet,,16.58204,105.03673,,1,x,,,0,,0,,,,,,,,,,,,,
6/05/2016,LAO06/05/2016-008,Hommala,Xayphouthong,Savannakhet,,16.4515,105.06077,,1,,2,0,2,0,2,,0,,,,,,,,,,,
6/05/2016,LAO06/05/2016-009,Si yeak,Xayphouthong,Savannakhet,,16.3885,105.10544,,1,x,,,0,,0,,,,,,,,,,,,,
6/05/2016,LAO06/05/2016-010,Khamseanxay,Xayphouthong,Savannakhet,,16.3702,105.10462,,1,x,,,0,,0,,,,,,,,,,,,,
6/05/2016,LAO06/05/2016-011,Nakea,Xayphouthong,Savannakhet,,16.33525,105.10999,,0,,,,0,,0,,,,,,,,,,,,,
7/05/2016,LAO07/05/2016-015,Nong hoy,Hinboun,Khammouane,,17.6537,104.65096,,1,x,,,0,,0,,,,,,,,,,,,,
7/05/2016,LAO07/05/2016-016,Phonsoung,Hinboun,Khammouane,,17.86561,104.42091,,0,x,,,0,,0,,,,,,,,,,,,,
7/05/2016,LAO07/05/2016-017,Laokha,Hinboun,Khammouane,,17.89553,104.38853,,0,x,,,0,,0,,,,,,,,,,,,,
7/05/2016,LAO07/05/2016-001,Chomcheang,Outhoumphone,Savannakhet,,16.71569,104.94038,,1,x,,,0,,0,,,,,,,,,,,,,
7/05/2016,LAO07/05/2016-002,Nasay,Outhoumphone,Savannakhet,,16.74062,104.90598,,1,,0,0,0,1,1,,100,,,,,,,,,,,
7/05/2016,LAO07/05/2016-003,Nanokkhien,Outhoumphone,Savannakhet,,16.80212,104.90703,,1,x,,,0,,0,,,,,,,,,,,,,
7/05/2016,LAO07/05/2016-004,Dong mak ngeo,Outhoumphone,Savannakhet,,16.83313,104.90378,,1,,0,0,0,1,1,,100,,,,,,,,,,,
7/05/2016,LAO07/05/2016-011,Teuang,Sebangphai,Khammouane,,17.18384,105.00351,,1,x,,,0,,0,,,,,,,,,,,,,
7/05/2016,LAO07/05/2016-012,Houaytad,Sebangphai,Khammouane,,17.22779,104.99767,,0,,,,0,,0,,,,,,,,,,,,,
7/05/2016,LAO07/05/2016-013,Houaylangmeua,Sebangphai,Khammouane,,17.24615,104.98997,,0,,,,0,,0,,,,,,,,,,,,,
7/05/2016,LAO07/05/2016-014,Dongkasean,Thahkek,Khammouane,,17.28484,104.97519,,1,x,,,0,,0,,,,,,,,,,,,,
7/05/2016,LAO07/05/2016-005,Keanghead,Xaybouly,Savannakhet,,16.87927,104.9062,,1,x,,,0,,0,,,,,,,,,,,,,
7/05/2016,LAO07/05/2016-006,Nasok,Xaybouly,Savannakhet,,16.9337,104.9111,,1,x,,,0,,0,,,,,,,,,,,,,
7/05/2016,LAO07/05/2016-007,Kheuakhaokad,Xaybouly,Savannakhet,,16.991116,104.93663,,1,x,,,0,,0,,,,,,,,,,,,,
7/05/2016,LAO07/05/2016-008,Namouang,Xaybouly,Savannakhet,,17.01187,104.97392,,1,,,,0,,0,,,,,,,,,,,,,
7/05/2016,LAO07/05/2016-009,Namouang,Xaybouly,Savannakhet,,17.03052,104.99615,,1,x,,,0,,0,,,,,,,,,,,,,
7/05/2016,LAO07/05/2016-010,Nathong,Xaybouly,Savannakhet,,17.04534,104.99497,,1,x,,,0,,0,,,,,,,,,,,,,
8/05/2016,LAO08/05/2016-001,Namdeua 2,Pakkading,Bolikhamxay,,18.24149,104.18443,,0,,,,0,,0,,,,,,,,,,,,,
8/05/2016,LAO08/05/2016-002,Namdeua 2,Pakkading,Bolikhamxay,,18.25311,104.179,,1,x,,,0,,0,,,,,,,,,,,,,
8/05/2016,LAO08/05/2016-003,Mai,Pakkading,Bolikhamxay,,18.32775,105.89631,,1,x,,,0,,0,,,,,,,,,,,,,
8/05/2016,LAO08/05/2016-004,Nasom,Paksan,Bolikhamxay,,18.37193,103.75303,,0,x,,,0,,0,,,,,,,,,,,,,
8/05/2016,LAO08/05/2016-005,Paksan,Paksan,Bolikhamxay,,18.39818,103.62936,,0,x,,,0,,0,,,,,,,,,,,,,
8/05/2016,LAO08/05/2016-006,Houaysiet,Paksan,Bolikhamxay,,18.39818,103.62936,,1,,1,0,1,0,1,,0,,,,,,,,,,,
8/05/2016,LAO08/05/2016-007,Pakngiep,Paksan,Bolikhamxay,,18.41356,103.61084,,1,x,,,0,,0,,,,,,,,,,,,,
8/05/2016,LAO08/05/2016-008,Thabok,Thaphabath,Bolikhamxay,,18.3818,103.20293,,0,,,,0,,0,,,,,,,,,,,,,
5/01/2017,LAO05/01/2017-002,Hinherbtai,Hinherb,Vientiane,,18.61931,102. 32727 ,Euc. Sp,1,,0,,0,3,3,,100,,Sample 4,,,,,,,,,
5/01/2017,LAO05/01/2017-003,Phonemouang,Hinherb,Vientiane,,18.58916,102. 23889,Euc. Sp,1,,0,,0,19,19,,100,,Sample 19? ,,,,,,,,,
6/01/2017,LAO06/01/2017-001,Na an,Hinherb,Vientiane,,18.76091,102. 36231,Euc. Sp,1,,7,,7,5,12,,41.66666667,,,,,,,,,,,
8/01/2017,LAO08/01/2017-001,Mouangpa,Paklai,Xayyabuly,,18.52616,101. 60089,Euc. Sp,1,,3,,3,8,11,1,72.72727273,,Sample 7,,,,,,,,,
8/01/2017,LAO08/01/2017-002,Mouangpa,Paklai,Xayyabuly,,18.51977,101. 60825,Euc. Sp,1,,1,,1,1,2,,50,,,,,,,,,,,
8/01/2017,LAO08/01/2017-003,Nakhan,Paklai,Xayyabuly,,18.67864,101. 67419,Euc. Sp,1,x,0,,0,0,0,,,,,,,,,,,,,
8/01/2017,LAO08/01/2017-004,Nakhan,Paklai,Xayyabuly,,18.67266,101. 67001,Euc. Sp,0,,,,0,,0,,,,,,,,,,,,,
10/01/2017,LAO10/01/2017-001,Ban sor,Sangthong,Vientiane Capital,,18.32111,102. 05364,Euc. Sp,1,,5,,5,23,28,,82.14285714,,Q Sample 98?,,,,,,,,,
10/01/2017,LAO10/01/2017-002,Ban sor,Sangthong,Vientiane Capital,,18.31601,102. 04798,Euc. Sp,1,,1,,1,4,5,,80,,Q sample 22?,,,,,,,,,
10/01/2017,LAO10/01/2017-003,Ban sor,Sangthong,Vientiane Capital,,,,Euc. Sp,1,,1,,1,65,66,,98.48484848,,Q Sample 56 ,,,,,,,,,
11/01/2017,LAO11/01/2017-001,Nasaonang,Sangthong,Vientiane Capital,,18.28269,102. 22571,Euc. Sp,0,,,,0,,0,,,,,,,,,,,,,
11/01/2017,LAO11/01/2017-002,Nasaonang,Sangthong,Vientiane Capital,,18.27677,102. 22561,Euc. Sp,0,,,,0,,0,,,,,,,,,,,,,
,,,,,,,,,,,,,,,,,,,,,,,,,,,,
,,,,,,,,,,,,,,,,,,,,,,,,,,,,
,,,,,,,,Sum,225,,142,17,,329,,1,,,,,,,,,,,,
,,,,,,,,Number samples with males,,,,4,,,,,,,,,,,,,,,,
,,,,,,,,Count,,,,,31,44,52,,,,,,,,,,,,,
,,,,,,,,Average,,,,,,,,,67.47020258,,,,,,,,,,,
,,,,,,,,Note - red is recorded as 3.5 - assume this is 35,,,,,,,,,,,,,,,,,,,,
