,lat,lon,date,source,References,Elevation (m)
0,-37.741471,144.918649,2023-07-12T13:02:00,GBIF,,
1,43.19255,5.61277,2017-02-19T00:00:00,GBIF,,
2,43.67121,7.20069,2017-11-22T00:00:00,GBIF,,
3,43.19255,5.61277,2017-02-19T00:00:00,GBIF,,
4,40.593751,8.167206,2022-05-21T00:00:00,GBIF,,
5,40.593768,8.166887,2022-05-21T00:00:00,GBIF,,
6,40.594124,8.166778,2022-05-21T00:00:00,GBIF,,
7,40.594321,8.166572,2022-05-21T00:00:00,GBIF,,
8,40.593983,8.167709,2022-05-21T00:00:00,GBIF,,
9,40.821021,8.519154,2022-05-20T00:00:00,GBIF,,
10,40.816728,8.488633,2022-05-20T00:00:00,GBIF,,
11,40.81535,8.484535,2022-05-20T00:00:00,GBIF,,
12,40.815339,8.484532,2022-05-20T00:00:00,GBIF,,
13,40.816359,8.488337,2022-05-20T00:00:00,GBIF,,
14,40.622444,8.314361,2022-05-22T00:00:00,GBIF,,
15,37.039717,-7.985927,2020-11-01T13:11:00,GBIF,,
16,-34.050031,18.422932,2022-07-12T16:21:00,GBIF,,
17,-34.057293,18.430266,2019-12-03T16:58:00,GBIF,,
18,-34.060855,18.426518,2019-08-22T10:54:00,GBIF,,
19,-34.060904,18.425212,2019-06-19T12:20:00,GBIF,,
20,-34.053188,18.430829,2021-05-01T10:54:00,GBIF,,
21,-34.054365,18.435452,2019-06-18T10:42:00,GBIF,,
22,-34.052234,18.426189,2019-07-08T13:08:14,GBIF,,
23,-34.050054,18.423211,2022-07-12T15:51:00,GBIF,,
24,-34.051761,18.428791,2021-05-01T12:44:00,GBIF,,
25,34.045036,-117.162231,2023-04-30T18:47:00,GBIF,,
26,34.273906,-118.614864,2023-04-28T18:16:00,GBIF,,
27,34.084153,-117.166269,2023-04-28T09:24:00,GBIF,,
28,33.980687,-117.270692,2023-05-01T15:26:32,GBIF,,
29,39.74622,-121.805887,2023-04-19T12:53:43,GBIF,,
30,39.74628,-121.805938,2023-04-19T12:54:17,GBIF,,
31,34.274374,-118.614815,2023-04-15T08:38:00,GBIF,,
32,,,,GBIF,,
33,-21.13317,55.53241,,GBIF,,
34,39.323472,-121.838013,2023-02-08T13:29:56,GBIF,,
35,39.323688,-121.83812,2023-02-08T13:30:30,GBIF,,
36,,,,GBIF,,
37,,,,GBIF,,
38,,,,GBIF,,
39,,,,GBIF,,
40,,,,GBIF,,
41,,,,GBIF,,
42,,,,GBIF,,
43,,,,GBIF,,
44,,,,GBIF,,
45,,,,GBIF,,
46,,,,GBIF,,
47,,,,GBIF,,
48,,,,GBIF,,
49,,,,GBIF,,
50,,,,GBIF,,
51,,,,GBIF,,
52,,,,GBIF,,
53,,,,GBIF,,
54,,,,GBIF,,
55,,,,GBIF,,
56,,,,GBIF,,
57,,,,GBIF,,
58,,,,GBIF,,
59,,,,GBIF,,
60,,,,GBIF,,
61,,,,GBIF,,
62,,,,GBIF,,
63,,,,GBIF,,
64,,,,GBIF,,
65,,,,GBIF,,
66,,,,GBIF,,
67,,,,GBIF,,
68,,,,GBIF,,
69,,,,GBIF,,
70,,,,GBIF,,
71,,,,GBIF,,
72,,,,GBIF,,
73,,,,GBIF,,
74,,,,GBIF,,
75,,,,GBIF,,
76,,,,GBIF,,
77,,,,GBIF,,
78,,,,GBIF,,
79,,,,GBIF,,
80,,,,GBIF,,
81,,,,GBIF,,
82,,,,GBIF,,
83,,,,GBIF,,
84,,,,GBIF,,
85,,,,GBIF,,
86,,,,GBIF,,
87,,,,GBIF,,
88,,,,GBIF,,
89,,,,GBIF,,
90,,,,GBIF,,
91,,,,GBIF,,
92,,,,GBIF,,
93,,,,GBIF,,
94,,,,GBIF,,
95,,,,GBIF,,
96,,,,GBIF,,
97,,,,GBIF,,
98,,,,GBIF,,
99,,,,GBIF,,
100,,,,GBIF,,
101,,,,GBIF,,
102,,,,GBIF,,
103,,,,GBIF,,
104,,,,GBIF,,
105,,,,GBIF,,
106,,,,GBIF,,
107,,,,GBIF,,
108,,,,GBIF,,
109,,,,GBIF,,
110,,,,GBIF,,
111,,,,GBIF,,
112,,,,GBIF,,
113,,,,GBIF,,
114,,,,GBIF,,
115,,,,GBIF,,
116,,,,GBIF,,
117,,,,GBIF,,
118,,,,GBIF,,
119,,,,GBIF,,
120,,,,GBIF,,
121,,,,GBIF,,
122,,,,GBIF,,
123,,,,GBIF,,
124,,,,GBIF,,
125,,,,GBIF,,
126,,,,GBIF,,
127,,,,GBIF,,
128,,,,GBIF,,
129,,,,GBIF,,
130,,,,GBIF,,
131,,,,GBIF,,
132,,,,GBIF,,
133,,,,GBIF,,
134,,,,GBIF,,
135,,,,GBIF,,
136,-18.9494,47.5746,2017-04-25T00:00:00,GBIF,,
137,-18.9494,47.5746,2017-04-25T00:00:00,GBIF,,
138,-15.6442,46.5004,2017-06-22T00:00:00,GBIF,,
139,-18.9127,47.5579,2017-08-28T00:00:00,GBIF,,
140,-13.4086,49.2031,2018-02-19T00:00:00,GBIF,,
141,-20.9979,55.2794,2018-04-10T00:00:00,GBIF,,
142,-13.4086,49.2031,2018-02-19T00:00:00,GBIF,,
143,-13.4086,49.2031,2018-02-20T00:00:00,GBIF,,
144,-13.4086,49.2031,2018-02-20T00:00:00,GBIF,,
145,,,,GBIF,,
146,,,,GBIF,,
147,,,,GBIF,,
148,,,,GBIF,,
149,,,,GBIF,,
150,,,,GBIF,,
151,,,,GBIF,,
152,,,,GBIF,,
153,,,,GBIF,,
154,,,,GBIF,,
155,,,,GBIF,,
156,,,,GBIF,,
157,,,,GBIF,,
158,,,,GBIF,,
159,,,,GBIF,,
160,,,,GBIF,,
161,,,,GBIF,,
162,,,,GBIF,,
163,,,,GBIF,,
164,,,,GBIF,,
165,,,,GBIF,,
166,,,,GBIF,,
167,,,,GBIF,,
168,,,,GBIF,,
169,,,,GBIF,,
170,,,,GBIF,,
171,,,,GBIF,,
172,,,,GBIF,,
173,,,,GBIF,,
174,,,,GBIF,,
175,,,,GBIF,,
176,,,,GBIF,,
177,,,,GBIF,,
178,,,,GBIF,,
179,,,,GBIF,,
180,,,,GBIF,,
181,,,,GBIF,,
182,,,,GBIF,,
183,,,,GBIF,,
184,,,,GBIF,,
185,,,,GBIF,,
186,,,,GBIF,,
187,,,,GBIF,,
188,,,,GBIF,,
189,,,,GBIF,,
190,,,,GBIF,,
191,,,,GBIF,,
192,,,,GBIF,,
193,,,,GBIF,,
194,,,,GBIF,,
195,,,,GBIF,,
196,,,,GBIF,,
197,,,,GBIF,,
198,,,,GBIF,,
199,,,,GBIF,,
200,,,,GBIF,,
201,,,,GBIF,,
202,,,,GBIF,,
203,,,,GBIF,,
204,,,,GBIF,,
205,,,,GBIF,,
206,,,,GBIF,,
207,,,,GBIF,,
208,,,,GBIF,,
209,,,,GBIF,,
210,,,,GBIF,,
211,,,,GBIF,,
212,,,,GBIF,,
213,,,,GBIF,,
214,,,,GBIF,,
215,,,,GBIF,,
216,,,,GBIF,,
217,,,,GBIF,,
218,,,,GBIF,,
219,,,,GBIF,,
220,,,,GBIF,,
221,,,,GBIF,,
222,,,,GBIF,,
223,,,,GBIF,,
224,,,,GBIF,,
225,,,,GBIF,,
226,,,,GBIF,,
227,,,,GBIF,,
228,,,,GBIF,,
229,,,,GBIF,,
230,,,,GBIF,,
231,,,,GBIF,,
232,,,,GBIF,,
233,,,,GBIF,,
234,,,,GBIF,,
235,,,,GBIF,,
236,,,,GBIF,,
237,,,,GBIF,,
238,,,,GBIF,,
239,,,,GBIF,,
240,,,,GBIF,,
241,,,,GBIF,,
242,,,,GBIF,,
243,,,,GBIF,,
244,,,,GBIF,,
245,,,,GBIF,,
246,,,,GBIF,,
247,,,,GBIF,,
248,,,,GBIF,,
249,,,,GBIF,,
250,,,,GBIF,,
251,,,,GBIF,,
252,,,,GBIF,,
253,,,,GBIF,,
254,,,,GBIF,,
255,,,,GBIF,,
256,,,,GBIF,,
257,,,,GBIF,,
258,,,,GBIF,,
259,,,,GBIF,,
260,,,,GBIF,,
261,,,,GBIF,,
262,,,,GBIF,,
263,,,,GBIF,,
264,,,,GBIF,,
265,,,,GBIF,,
266,,,,GBIF,,
267,,,,GBIF,,
268,,,,GBIF,,
269,,,,GBIF,,
270,,,,GBIF,,
271,,,,GBIF,,
272,,,,GBIF,,
273,,,,GBIF,,
274,,,,GBIF,,
275,,,,GBIF,,
276,,,,GBIF,,
277,,,,GBIF,,
278,,,,GBIF,,
279,,,,GBIF,,
280,,,,GBIF,,
281,,,,GBIF,,
282,,,,GBIF,,
283,,,,GBIF,,
284,,,,GBIF,,
285,,,,GBIF,,
286,,,,GBIF,,
287,,,,GBIF,,
288,,,,GBIF,,
289,,,,GBIF,,
290,,,,GBIF,,
291,,,,GBIF,,
292,,,,GBIF,,
293,,,,GBIF,,
294,,,,GBIF,,
295,,,,GBIF,,
296,,,,GBIF,,
297,,,,GBIF,,
298,,,,GBIF,,
299,,,,GBIF,,
300,,,,GBIF,,
301,,,,GBIF,,
302,,,,GBIF,,
303,,,,GBIF,,
304,,,,GBIF,,
305,,,,GBIF,,
306,,,,GBIF,,
307,,,,GBIF,,
308,,,,GBIF,,
309,,,,GBIF,,
310,,,,GBIF,,
311,,,,GBIF,,
312,,,,GBIF,,
313,,,,GBIF,,
314,,,,GBIF,,
315,,,,GBIF,,
316,,,,GBIF,,
317,,,,GBIF,,
318,,,,GBIF,,
319,,,,GBIF,,
320,,,,GBIF,,
321,,,,GBIF,,
322,,,,GBIF,,
323,,,,GBIF,,
324,,,,GBIF,,
325,,,,GBIF,,
326,,,,GBIF,,
327,,,,GBIF,,
328,,,,GBIF,,
329,,,,GBIF,,
330,,,,GBIF,,
331,,,,GBIF,,
332,,,,GBIF,,
333,,,,GBIF,,
334,,,,GBIF,,
335,,,,GBIF,,
336,,,,GBIF,,
337,,,,GBIF,,
338,,,,GBIF,,
339,,,,GBIF,,
340,,,,GBIF,,
341,,,,GBIF,,
342,,,,GBIF,,
343,,,,GBIF,,
344,,,,GBIF,,
345,,,,GBIF,,
346,,,,GBIF,,
347,,,,GBIF,,
348,,,,GBIF,,
349,,,,GBIF,,
350,,,,GBIF,,
351,,,,GBIF,,
352,,,,GBIF,,
353,,,,GBIF,,
354,,,,GBIF,,
355,,,,GBIF,,
356,,,,GBIF,,
357,,,,GBIF,,
358,,,,GBIF,,
359,,,,GBIF,,
360,,,,GBIF,,
361,,,,GBIF,,
362,,,,GBIF,,
363,,,,GBIF,,
364,,,,GBIF,,
365,,,,GBIF,,
366,,,,GBIF,,
367,,,,GBIF,,
368,,,,GBIF,,
369,,,,GBIF,,
370,,,,GBIF,,
371,,,,GBIF,,
372,,,,GBIF,,
373,,,,GBIF,,
374,,,,GBIF,,
375,,,,GBIF,,
376,,,,GBIF,,
377,,,,GBIF,,
378,,,,GBIF,,
379,,,,GBIF,,
380,,,,GBIF,,
381,,,,GBIF,,
382,,,,GBIF,,
383,,,,GBIF,,
384,,,,GBIF,,
385,,,,GBIF,,
386,,,,GBIF,,
387,,,,GBIF,,
388,,,,GBIF,,
389,,,,GBIF,,
390,,,,GBIF,,
391,,,,GBIF,,
392,,,,GBIF,,
393,,,,GBIF,,
394,,,,GBIF,,
395,,,,GBIF,,
396,,,,GBIF,,
397,-13.4086,49.2031,2018-02-22T00:00:00,GBIF,,
398,-13.4086,49.2031,2018-02-19T00:00:00,GBIF,,
399,-13.4086,49.2031,2018-02-21T00:00:00,GBIF,,
400,-13.4086,49.2031,2018-02-22T00:00:00,GBIF,,
401,-13.4086,49.2031,2018-02-20T00:00:00,GBIF,,
402,-13.4086,49.2031,2018-02-22T00:00:00,GBIF,,
403,-13.4086,49.2031,2018-02-20T00:00:00,GBIF,,
404,-13.4086,49.2031,2018-02-19T00:00:00,GBIF,,
405,-20.9979,55.2794,2018-04-10T00:00:00,GBIF,,
406,-21.0563,55.2655,2018-04-10T00:00:00,GBIF,,
407,-21.0563,55.2655,2017-05-15T00:00:00,GBIF,,
408,-18.0754,49.3706,2017-05-16T00:00:00,GBIF,,
409,-20.9979,55.2794,2018-04-10T00:00:00,GBIF,,
410,-13.4086,49.2031,2018-02-22T00:00:00,GBIF,,
411,-21.0563,55.2655,2018-04-10T00:00:00,GBIF,,
412,-15.6442,46.5004,2017-06-22T00:00:00,GBIF,,
413,-13.4086,49.2031,2018-02-22T00:00:00,GBIF,,
414,-18.9494,47.5746,2017-04-25T00:00:00,GBIF,,
415,-13.4086,49.2031,2018-02-19T00:00:00,GBIF,,
416,-13.4086,49.2031,2018-02-22T00:00:00,GBIF,,
417,-13.4086,49.2031,2018-02-22T00:00:00,GBIF,,
418,-13.4086,49.2031,2018-02-20T00:00:00,GBIF,,
419,34.442592,-119.847008,2022-01-21T16:58:38,GBIF,,
420,39.73867,-122.169962,2022-11-14T12:41:30,GBIF,,
421,33.969178,-117.262488,2022-01-07T11:51:40,GBIF,,
422,38.591831,-121.334385,2022-06-12T07:34:00,GBIF,,
423,34.273027,-118.614867,2022-04-30T08:55:00,GBIF,,
424,34.054376,-117.049689,2022-11-06T11:44:00,GBIF,,
425,36.826316,-2.511398,2022-11-18T09:40:00,GBIF,,
426,36.82624,-2.511472,2022-11-18T09:40:00,GBIF,,
427,,,,GBIF,,
428,,,,GBIF,,
429,,,,GBIF,,
430,,,,GBIF,,
431,,,,GBIF,,
432,,,,GBIF,,
433,,,,GBIF,,
434,,,,GBIF,,
435,,,,GBIF,,
436,,,,GBIF,,
437,,,,GBIF,,
438,,,,GBIF,,
439,,,,GBIF,,
440,,,,GBIF,,
441,,,,GBIF,,
442,,,,GBIF,,
443,,,,GBIF,,
444,,,,GBIF,,
445,,,,GBIF,,
446,,,,GBIF,,
447,,,,GBIF,,
448,,,,GBIF,,
449,,,,GBIF,,
450,,,,GBIF,,
451,,,,GBIF,,
452,,,,GBIF,,
453,,,,GBIF,,
454,,,,GBIF,,
455,,,,GBIF,,
456,,,,GBIF,,
457,,,,GBIF,,
458,,,,GBIF,,
459,,,,GBIF,,
460,,,,GBIF,,
461,,,,GBIF,,
462,,,,GBIF,,
463,38.148699,23.835011,2022-10-11T16:38:33,GBIF,,
464,39.40005,-8.538848,2022-10-02T14:12:59,GBIF,,
465,34.579304,32.983143,2022-07-28T10:13:18,GBIF,,
466,-21.13317,55.53241,,GBIF,,
467,34.273245,-118.615087,2022-09-03T08:03:00,GBIF,,
468,33.977947,-117.266792,2022-08-04T11:08:03,GBIF,,
469,34.039421,-117.104385,2022-06-06T17:25:00,GBIF,,
470,,,,GBIF,,
471,,,,GBIF,,
472,,,,GBIF,,
473,,,,GBIF,,
474,,,,GBIF,,
475,,,,GBIF,,
476,,,,GBIF,,
477,,,,GBIF,,
478,,,,GBIF,,
479,40.816728,8.488633,2022-05-20T10:52:34,GBIF,,
480,40.593983,8.167709,2022-05-21T11:15:49,GBIF,,
481,40.594124,8.166778,2022-05-21T11:38:36,GBIF,,
482,40.622444,8.314361,2022-05-22T11:28:09,GBIF,,
483,39.538568,24.989857,2022-05-08T13:34:00,GBIF,,
484,38.334842,21.867175,2021-10-30T00:00:00,GBIF,,
485,38.524886,-121.789914,2022-01-18T16:58:00,GBIF,,
486,37.851882,23.751979,2022-02-17T14:18:00,GBIF,,
487,,,2018-01-16T00:00:00,GBIF,,
488,,,,GBIF,,
489,,,,GBIF,,
490,,,,GBIF,,
491,,,,GBIF,,
492,,,,GBIF,,
493,,,,GBIF,,
494,,,,GBIF,,
495,,,,GBIF,,
496,,,,GBIF,,
497,,,,GBIF,,
498,,,,GBIF,,
499,,,,GBIF,,
500,,,,GBIF,,
501,,,,GBIF,,
502,,,,GBIF,,
503,,,,GBIF,,
504,,,,GBIF,,
505,,,,GBIF,,
506,,,,GBIF,,
507,,,,GBIF,,
508,28.259824,-105.499749,2021-11-07T11:36:00,GBIF,,
509,-32.753012,19.291512,2021-10-23T12:07:09,GBIF,,
510,28.260956,-105.497415,2021-08-19T08:24:00,GBIF,,
511,38.526725,-121.804798,2021-06-09T07:52:00,GBIF,,
512,33.939083,-117.62303,2020-11-09T13:11:46,GBIF,,
513,38.588577,-121.33344,2021-07-26T08:34:00,GBIF,,
514,34.381574,-118.612736,2021-10-02T10:07:00,GBIF,,
515,38.89208,-121.976972,2021-08-29T17:25:51,GBIF,,
516,34.042791,-117.098343,2020-12-05T09:10:37,GBIF,,
517,34.042662,-117.098899,2021-07-27T07:55:00,GBIF,,
518,,,,GBIF,,
519,,,,GBIF,,
520,,,,GBIF,,
521,,,,GBIF,,
522,,,,GBIF,,
523,,,,GBIF,,
524,,,,GBIF,,
525,,,,GBIF,,
526,,,,GBIF,,
527,,,,GBIF,,
528,,,,GBIF,,
529,,,,GBIF,,
530,,,,GBIF,,
531,,,,GBIF,,
532,,,,GBIF,,
533,,,,GBIF,,
534,,,,GBIF,,
535,,,,GBIF,,
536,,,,GBIF,,
537,,,,GBIF,,
538,,,,GBIF,,
539,,,,GBIF,,
540,,,,GBIF,,
541,,,,GBIF,,
542,,,,GBIF,,
543,,,,GBIF,,
544,,,,GBIF,,
545,,,,GBIF,,
546,,,,GBIF,,
547,,,2009-03-23T00:00:00,GBIF,,
548,,,,GBIF,,
549,39.172176,26.504388,2021-04-09T15:45:00,GBIF,,
550,39.17218,26.504399,2021-04-03T17:37:00,GBIF,,
551,,,,GBIF,,
552,39.103671,26.086885,2020-08-27T15:47:00,GBIF,,
553,37.472167,-7.472855,2019-04-27T00:00:00,GBIF,,
554,-34.246174,150.511492,2020-04-21T15:06:48,GBIF,,
555,-33.955772,150.97196,2020-03-27T16:05:00,GBIF,,
556,37.88725,23.747513,2020-01-28T16:44:00,GBIF,,
557,-34.059577,18.410955,2019-12-14T10:06:00,GBIF,,
558,34.14644,-118.053447,2018-01-18T13:56:00,GBIF,,
559,34.363332,-118.720372,2017-08-04T12:07:00,GBIF,,
560,37.472167,-7.472855,2019-04-27T14:43:00,GBIF,,
561,34.273937,-118.61499,2019-04-27T12:21:00,GBIF,,
562,34.274808,-118.61504,2018-04-29T09:10:00,GBIF,,
563,,,,GBIF,,
564,,,,GBIF,,
565,,,,GBIF,,
566,,,,GBIF,,
567,,,,GBIF,,
568,,,,GBIF,,
569,,,,GBIF,,
570,,,,GBIF,,
571,,,,GBIF,,
572,,,,GBIF,,
573,,,,GBIF,,
574,,,,GBIF,,
575,,,,GBIF,,
576,,,,GBIF,,
577,,,,GBIF,,
578,,,,GBIF,,
579,,,,GBIF,,
580,,,,GBIF,,
581,,,,GBIF,,
582,,,,GBIF,,
583,,,,GBIF,,
584,,,,GBIF,,
585,,,,GBIF,,
586,,,,GBIF,,
587,,,,GBIF,,
588,,,,GBIF,,
589,,,,GBIF,,
590,,,,GBIF,,
591,,,,GBIF,,
592,,,,GBIF,,
593,,,,GBIF,,
594,,,,GBIF,,
595,,,,GBIF,,
596,,,,GBIF,,
597,,,,GBIF,,
598,,,,GBIF,,
599,,,,GBIF,,
600,,,,GBIF,,
601,,,,GBIF,,
602,,,,GBIF,,
603,,,,GBIF,,
604,,,,GBIF,,
605,,,,GBIF,,
606,,,,GBIF,,
607,,,,GBIF,,
608,,,,GBIF,,
609,,,,GBIF,,
610,,,,GBIF,,
611,,,,GBIF,,
612,,,,GBIF,,
613,,,,GBIF,,
614,,,,GBIF,,
615,,,,GBIF,,
616,,,,GBIF,,
617,,,,GBIF,,
618,,,,GBIF,,
619,,,,GBIF,,
620,,,,GBIF,,
621,,,,GBIF,,
622,,,,GBIF,,
623,,,,GBIF,,
624,,,,GBIF,,
625,,,,GBIF,,
626,,,,GBIF,,
627,,,,GBIF,,
628,,,,GBIF,,
629,,,,GBIF,,
630,,,,GBIF,,
631,,,,GBIF,,
632,,,,GBIF,,
633,,,,GBIF,,
634,,,,GBIF,,
635,,,,GBIF,,
636,,,,GBIF,,
637,,,,GBIF,,
638,,,,GBIF,,
639,,,,GBIF,,
640,,,,GBIF,,
641,,,,GBIF,,
642,,,,GBIF,,
643,,,,GBIF,,
644,,,,GBIF,,
645,,,,GBIF,,
646,,,,GBIF,,
647,,,,GBIF,,
648,,,,GBIF,,
649,,,,GBIF,,
650,,,,GBIF,,
651,,,,GBIF,,
652,,,,GBIF,,
653,,,,GBIF,,
654,,,,GBIF,,
655,,,,GBIF,,
656,,,,GBIF,,
657,,,,GBIF,,
658,,,,GBIF,,
659,,,,GBIF,,
660,,,,GBIF,,
661,,,,GBIF,,
662,,,,GBIF,,
663,,,,GBIF,,
664,,,,GBIF,,
665,,,,GBIF,,
666,,,,GBIF,,
667,,,,GBIF,,
668,,,,GBIF,,
669,,,,GBIF,,
670,,,,GBIF,,
671,,,,GBIF,,
672,,,,GBIF,,
673,,,,GBIF,,
674,,,,GBIF,,
675,,,,GBIF,,
676,,,,GBIF,,
677,,,,GBIF,,
678,,,,GBIF,,
679,,,,GBIF,,
680,,,,GBIF,,
681,,,,GBIF,,
682,,,,GBIF,,
683,,,,GBIF,,
684,,,,GBIF,,
685,,,,GBIF,,
686,,,,GBIF,,
687,,,,GBIF,,
688,,,,GBIF,,
689,,,,GBIF,,
690,,,,GBIF,,
691,,,,GBIF,,
692,,,,GBIF,,
693,,,,GBIF,,
694,,,,GBIF,,
695,,,,GBIF,,
696,,,,GBIF,,
697,,,,GBIF,,
698,,,,GBIF,,
699,,,,GBIF,,
700,,,,GBIF,,
701,,,,GBIF,,
702,,,,GBIF,,
703,,,,GBIF,,
704,,,,GBIF,,
705,,,,GBIF,,
706,,,,GBIF,,
707,,,,GBIF,,
708,,,,GBIF,,
709,,,,GBIF,,
710,,,,GBIF,,
711,,,,GBIF,,
712,,,,GBIF,,
713,,,,GBIF,,
714,,,,GBIF,,
715,,,,GBIF,,
716,,,,GBIF,,
717,,,,GBIF,,
718,,,,GBIF,,
719,,,,GBIF,,
720,,,,GBIF,,
721,,,,GBIF,,
722,,,,GBIF,,
723,,,,GBIF,,
724,,,,GBIF,,
725,,,,GBIF,,
726,,,,GBIF,,
727,,,,GBIF,,
728,,,,GBIF,,
729,,,,GBIF,,
730,,,,GBIF,,
731,,,,GBIF,,
732,,,,GBIF,,
733,,,,GBIF,,
734,,,,GBIF,,
735,,,,GBIF,,
736,,,,GBIF,,
737,,,,GBIF,,
738,,,,GBIF,,
739,,,,GBIF,,
740,,,,GBIF,,
741,,,,GBIF,,
742,,,,GBIF,,
743,,,,GBIF,,
744,,,,GBIF,,
745,,,,GBIF,,
746,,,,GBIF,,
747,,,,GBIF,,
748,,,,GBIF,,
749,,,,GBIF,,
750,,,,GBIF,,
751,,,,GBIF,,
752,,,,GBIF,,
753,,,,GBIF,,
754,,,,GBIF,,
755,,,,GBIF,,
756,,,,GBIF,,
757,,,,GBIF,,
758,,,,GBIF,,
759,,,,GBIF,,
760,,,,GBIF,,
761,,,,GBIF,,
762,,,,GBIF,,
763,,,,GBIF,,
764,,,,GBIF,,
765,,,,GBIF,,
766,,,,GBIF,,
767,,,,GBIF,,
768,,,,GBIF,,
769,,,,GBIF,,
770,,,,GBIF,,
771,,,,GBIF,,
772,,,,GBIF,,
773,,,,GBIF,,
774,,,,GBIF,,
775,,,,GBIF,,
776,,,,GBIF,,
777,,,,GBIF,,
778,,,,GBIF,,
779,,,,GBIF,,
780,,,,GBIF,,
781,,,,GBIF,,
782,,,,GBIF,,
783,,,,GBIF,,
784,,,,GBIF,,
785,,,,GBIF,,
786,,,,GBIF,,
787,,,,GBIF,,
788,,,,GBIF,,
789,,,,GBIF,,
790,,,,GBIF,,
791,,,,GBIF,,
792,,,,GBIF,,
793,,,,GBIF,,
794,,,,GBIF,,
795,,,,GBIF,,
796,,,,GBIF,,
797,,,,GBIF,,
798,,,,GBIF,,
799,,,,GBIF,,
800,,,,GBIF,,
801,,,,GBIF,,
802,,,,GBIF,,
803,,,,GBIF,,
804,,,,GBIF,,
805,,,,GBIF,,
806,,,,GBIF,,
807,,,,GBIF,,
808,,,,GBIF,,
809,,,,GBIF,,
810,,,,GBIF,,
811,,,,GBIF,,
812,,,,GBIF,,
813,,,,GBIF,,
814,,,,GBIF,,
815,,,,GBIF,,
816,,,,GBIF,,
817,,,,GBIF,,
818,,,,GBIF,,
819,,,,GBIF,,
820,,,,GBIF,,
821,,,,GBIF,,
822,,,,GBIF,,
823,,,,GBIF,,
824,,,,GBIF,,
825,,,,GBIF,,
826,,,,GBIF,,
827,,,,GBIF,,
828,,,,GBIF,,
829,,,,GBIF,,
830,,,,GBIF,,
831,,,,GBIF,,
832,,,,GBIF,,
833,,,,GBIF,,
834,,,,GBIF,,
835,,,,GBIF,,
836,,,,GBIF,,
837,,,,GBIF,,
838,,,,GBIF,,
839,,,,GBIF,,
840,,,,GBIF,,
841,,,,GBIF,,
842,,,,GBIF,,
843,,,,GBIF,,
844,,,,GBIF,,
845,,,,GBIF,,
846,,,,GBIF,,
847,,,,GBIF,,
848,,,,GBIF,,
849,,,,GBIF,,
850,,,,GBIF,,
851,,,,GBIF,,
852,,,,GBIF,,
853,,,,GBIF,,
854,,,,GBIF,,
855,,,,GBIF,,
856,,,,GBIF,,
857,,,,GBIF,,
858,,,,GBIF,,
859,,,,GBIF,,
860,,,,GBIF,,
861,,,,GBIF,,
862,,,,GBIF,,
863,,,,GBIF,,
864,,,,GBIF,,
865,,,,GBIF,,
866,,,,GBIF,,
867,,,,GBIF,,
868,,,,GBIF,,
869,,,,GBIF,,
870,,,,GBIF,,
871,,,,GBIF,,
872,,,,GBIF,,
873,,,,GBIF,,
874,,,,GBIF,,
875,,,,GBIF,,
876,,,,GBIF,,
877,,,,GBIF,,
878,,,,GBIF,,
879,,,,GBIF,,
880,,,,GBIF,,
881,,,,GBIF,,
882,,,,GBIF,,
883,,,,GBIF,,
884,,,,GBIF,,
885,,,,GBIF,,
886,,,,GBIF,,
887,,,,GBIF,,
888,,,,GBIF,,
889,,,,GBIF,,
890,,,,GBIF,,
891,,,,GBIF,,
892,,,,GBIF,,
893,,,,GBIF,,
894,,,,GBIF,,
895,,,,GBIF,,
896,,,,GBIF,,
897,,,,GBIF,,
898,,,,GBIF,,
899,,,,GBIF,,
900,,,,GBIF,,
901,,,,GBIF,,
902,,,,GBIF,,
903,,,,GBIF,,
904,,,,GBIF,,
905,,,,GBIF,,
906,,,,GBIF,,
907,,,,GBIF,,
908,,,,GBIF,,
909,,,,GBIF,,
910,,,,GBIF,,
911,,,,GBIF,,
912,,,,GBIF,,
913,,,,GBIF,,
914,,,,GBIF,,
915,,,,GBIF,,
916,,,,GBIF,,
917,,,,GBIF,,
918,,,,GBIF,,
919,,,,GBIF,,
920,,,,GBIF,,
921,,,,GBIF,,
922,,,,GBIF,,
923,,,,GBIF,,
924,,,,GBIF,,
925,,,,GBIF,,
926,,,,GBIF,,
927,,,,GBIF,,
928,,,,GBIF,,
929,,,,GBIF,,
930,,,,GBIF,,
931,,,,GBIF,,
932,,,,GBIF,,
933,,,,GBIF,,
934,,,,GBIF,,
935,,,,GBIF,,
936,,,,GBIF,,
937,,,,GBIF,,
938,,,,GBIF,,
939,,,,GBIF,,
940,,,,GBIF,,
941,,,,GBIF,,
942,,,,GBIF,,
943,,,,GBIF,,
944,,,,GBIF,,
945,,,,GBIF,,
946,,,,GBIF,,
947,,,,GBIF,,
948,,,,GBIF,,
949,,,,GBIF,,
950,,,,GBIF,,
951,,,,GBIF,,
952,,,,GBIF,,
953,,,,GBIF,,
954,,,,GBIF,,
955,,,,GBIF,,
956,,,,GBIF,,
957,,,,GBIF,,
958,,,,GBIF,,
959,,,,GBIF,,
960,,,,GBIF,,
961,,,,GBIF,,
962,,,,GBIF,,
963,,,,GBIF,,
964,,,,GBIF,,
965,,,,GBIF,,
966,,,,GBIF,,
967,,,,GBIF,,
968,,,,GBIF,,
969,,,,GBIF,,
970,,,,GBIF,,
971,,,,GBIF,,
972,,,,GBIF,,
973,,,,GBIF,,
974,,,,GBIF,,
975,,,,GBIF,,
976,,,,GBIF,,
977,,,,GBIF,,
978,,,,GBIF,,
979,,,,GBIF,,
980,,,,GBIF,,
981,,,,GBIF,,
982,,,,GBIF,,
983,,,,GBIF,,
984,,,,GBIF,,
985,,,,GBIF,,
986,,,,GBIF,,
987,,,,GBIF,,
988,,,,GBIF,,
989,,,,GBIF,,
990,,,,GBIF,,
991,,,,GBIF,,
992,,,,GBIF,,
993,,,,GBIF,,
994,,,,GBIF,,
995,,,,GBIF,,
996,,,,GBIF,,
997,,,,GBIF,,
998,,,,GBIF,,
999,,,,GBIF,,
1000,,,,GBIF,,
1001,,,,GBIF,,
1002,,,,GBIF,,
1003,,,,GBIF,,
1004,,,,GBIF,,
1005,,,,GBIF,,
1006,,,,GBIF,,
1007,,,,GBIF,,
1008,,,,GBIF,,
1009,,,,GBIF,,
1010,,,,GBIF,,
1011,,,,GBIF,,
1012,,,,GBIF,,
1013,,,,GBIF,,
1014,,,,GBIF,,
1015,,,,GBIF,,
1016,,,,GBIF,,
1017,,,,GBIF,,
1018,,,,GBIF,,
1019,,,,GBIF,,
1020,,,,GBIF,,
1021,,,,GBIF,,
1022,,,,GBIF,,
1023,,,,GBIF,,
1024,,,,GBIF,,
1025,,,,GBIF,,
1026,,,,GBIF,,
1027,,,,GBIF,,
1028,,,,GBIF,,
1029,,,,GBIF,,
1030,,,,GBIF,,
1031,,,,GBIF,,
1032,,,,GBIF,,
1033,,,,GBIF,,
1034,,,,GBIF,,
1035,,,,GBIF,,
1036,,,,GBIF,,
1037,,,,GBIF,,
1038,,,,GBIF,,
1039,,,,GBIF,,
1040,,,,GBIF,,
1041,,,,GBIF,,
1042,,,,GBIF,,
1043,,,,GBIF,,
1044,,,,GBIF,,
1045,,,,GBIF,,
1046,,,,GBIF,,
1047,,,,GBIF,,
1048,,,,GBIF,,
1049,,,,GBIF,,
1050,,,,GBIF,,
1051,,,,GBIF,,
1052,,,,GBIF,,
1053,,,,GBIF,,
1054,,,,GBIF,,
1055,,,,GBIF,,
1056,,,,GBIF,,
1057,,,,GBIF,,
1058,,,,GBIF,,
1059,,,,GBIF,,
1060,,,,GBIF,,
1061,,,,GBIF,,
1062,,,,GBIF,,
1063,,,,GBIF,,
1064,,,,GBIF,,
1065,,,,GBIF,,
1066,,,,GBIF,,
1067,,,,GBIF,,
1068,,,,GBIF,,
1069,,,,GBIF,,
1070,,,,GBIF,,
1071,,,,GBIF,,
1072,,,,GBIF,,
1073,,,,GBIF,,
1074,,,,GBIF,,
1075,,,,GBIF,,
1076,,,,GBIF,,
1077,,,,GBIF,,
1078,,,2004-06-01T00:00:00,GBIF,,
1079,32.284263,-111.030814,2018-02-10T10:29:34,GBIF,,
1080,32.213618,-110.923365,2018-01-24T16:56:00,GBIF,,
1081,34.27891,-118.604592,2017-11-07T08:05:00,GBIF,,
1082,34.271793,-118.759762,2017-10-13T17:04:00,GBIF,,
1083,34.190302,-118.175103,2017-07-28T14:32:00,GBIF,,
1084,,,,GBIF,,
1085,-25.44,27.51,,GBIF,,
1086,-25.43,28.14,,GBIF,,
1087,-0.06,34.45,,GBIF,,
1088,36.53,6.54,,GBIF,,
1089,,,,GBIF,,
1090,,,2002-04-20T00:00:00,GBIF,,
1091,,,2002-04-20T00:00:00,GBIF,,
1092,,,,GBIF,,
1093,,,2002-04-20T00:00:00,GBIF,,
1094,,,2002-04-20T00:00:00,GBIF,,
1095,,,2002-04-20T00:00:00,GBIF,,
1096,,,,GBIF,,
1097,,,,GBIF,,
1098,,,,GBIF,,
1099,32.5,35.5,2002-04-20T00:00:00,GBIF,,
1100,32.5,35.5,2002-04-20T00:00:00,GBIF,,
1101,32.5,35.5,2002-04-20T00:00:00,GBIF,,
1102,32.5,35.5,2002-04-20T00:00:00,GBIF,,
1103,32.5,35.5,2002-04-20T00:00:00,GBIF,,
1104,32.5,35.5,2002-04-20T00:00:00,GBIF,,
1105,32.5,35.5,2002-04-20T00:00:00,GBIF,,
1106,32.5,35.5,2002-04-20T00:00:00,GBIF,,
1107,32.5,35.5,2002-04-20T00:00:00,GBIF,,
1108,32.5,35.5,2002-04-20T00:00:00,GBIF,,
1109,32.5,35.5,2002-04-20T00:00:00,GBIF,,
1110,32.5,35.5,2002-04-20T00:00:00,GBIF,,
1111,32.5,35.5,2002-04-20T00:00:00,GBIF,,
1112,32.5,35.5,2002-04-20T00:00:00,GBIF,,
1113,32.5,35.5,2002-04-20T00:00:00,GBIF,,
1114,32.5,35.5,2002-04-20T00:00:00,GBIF,,
1115,32.5,35.5,2002-04-20T00:00:00,GBIF,,
1116,32.5,35.5,2002-04-20T00:00:00,GBIF,,
1117,32.5,35.5,2002-04-20T00:00:00,GBIF,,
1118,32.5,35.5,2002-04-20T00:00:00,GBIF,,
1119,32.5,35.5,2002-04-20T00:00:00,GBIF,,
1120,32.5,35.5,2002-04-20T00:00:00,GBIF,,
1121,32.5,35.5,2002-04-20T00:00:00,GBIF,,
1122,32.5,35.5,2002-04-20T00:00:00,GBIF,,
1123,32.5,35.5,2002-04-20T00:00:00,GBIF,,
1124,32.5,35.5,2002-04-20T00:00:00,GBIF,,
1125,32.5,35.5,2002-04-20T00:00:00,GBIF,,
1126,32.5,35.5,2002-04-20T00:00:00,GBIF,,
1127,32.5,35.5,2002-04-20T00:00:00,GBIF,,
1128,32.5,35.5,2002-04-20T00:00:00,GBIF,,
1129,32.5,35.5,2002-04-20T00:00:00,GBIF,,
1130,32.5,35.5,2002-04-20T00:00:00,GBIF,,
1131,32.5,35.5,2002-04-20T00:00:00,GBIF,,
1132,32.5,35.5,2002-04-20T00:00:00,GBIF,,
1133,32.5,35.5,2002-04-20T00:00:00,GBIF,,
1134,32.5,35.5,2002-04-20T00:00:00,GBIF,,
1135,32.5,35.5,2002-04-20T00:00:00,GBIF,,
1136,32.5,35.5,2002-04-20T00:00:00,GBIF,,
1137,32.5,35.5,2002-04-20T00:00:00,GBIF,,
1138,32.5,35.5,2002-04-20T00:00:00,GBIF,,
1139,32.5,35.5,2002-04-20T00:00:00,GBIF,,
1140,32.5,35.5,2002-04-20T00:00:00,GBIF,,
1141,32.5,35.5,2002-04-20T00:00:00,GBIF,,
1142,32.5,35.5,2002-04-20T00:00:00,GBIF,,
1143,32.5,35.5,2002-04-20T00:00:00,GBIF,,
1144,32.5,35.5,2002-04-20T00:00:00,GBIF,,
1145,32.5,35.5,2002-04-20T00:00:00,GBIF,,
1146,32.5,35.5,2002-04-20T00:00:00,GBIF,,
1147,32.5,35.5,2002-04-20T00:00:00,GBIF,,
1148,32.5,35.5,2002-04-20T00:00:00,GBIF,,
1149,36.533333,-6.283333,2003-09-03T00:00:00,GBIF,,
1150,36.533333,-6.283333,2003-09-03T00:00:00,GBIF,,
1151,32.5,35.5,2002-04-20T00:00:00,GBIF,,
1152,34.883335,35.883335,2003-01-01T00:00:00,GBIF,,
1153,34.883335,35.883335,2003-01-01T00:00:00,GBIF,,
1154,34.883335,35.883335,2003-01-01T00:00:00,GBIF,,
1155,34.883335,35.883335,2003-01-01T00:00:00,GBIF,,
1156,0.0,0.0,2002-10-01T00:00:00,GBIF,,
1157,-0.1,34.75,,GBIF,,
1158,32.5,35.5,2002-04-20T00:00:00,GBIF,,
0,28.0,3.0,2002.0,CABI,Mendel et al. (2004); CABI and EPPO (2007); EPPO (2014); EPPO (2020); EPPO (2021); EPPO (2022),
1,27.0,30.0,2001.0,CABI,Wylie and Speight (2012); EPPO (2022),
2,9.0,39.5,2002.0,CABI,Giliomee (2011); Birhane Asayehegne Asfaw (2018); CABI and EPPO (2007); EPPO (2014); EPPO (2020); EPPO (2021); EPPO (2022),
3,8.1,-1.2,,CABI,EPPO (2022); EPPO (2021),
4,1.0,38.0,,CABI,EPPO (2022); CABI and EPPO (2007); EPPO (2014); EPPO (2020); EPPO (2021); Mutitu (2003),
5,-20.0,47.0,,CABI,EPPO (2022); EPPO (2021),
6,-13.5,34.0,2008.0,CABI,FRIM (2010); EPPO (2021); EPPO (2022),
7,-20.3,57.58333,,CABI,EPPO (2022); EPPO (2021),
8,32.0,-6.0,2001.0,CABI,Mendel et al. (2004); CABI and EPPO (2007); EPPO (2014); EPPO (2020); EPPO (2021); EPPO (2022),
9,-18.25,35.0,,CABI,Chirinzane et al. (2014); EPPO (2012); EPPO (2014); EPPO (2020); EPPO (2021); EPPO (2022); IPPC (2012),
10,-21.1,55.6,,CABI,EPPO (2022); EPPO (2021),
11,-2.0,30.0,,CABI,EPPO (2022); EPPO (2020); EPPO (2021),
12,8.5,-11.5,,CABI,EPPO (2022); EPPO (2021),
13,-29.0,24.0,2007.0,CABI,Dittrich-Schr?der et al. (2009); EPPO (2014); EPPO (2020); EPPO (2021); EPPO (2022),
14,-6.0,35.0,2005.0,CABI,Roux (2005); CABI and EPPO (2007); EPPO (2014); EPPO (2020); EPPO (2021); EPPO (2022),
15,34.0,9.0,2004.0,CABI,Dhahri et al. (2010); EPPO (2014); EPPO (2020); EPPO (2021); EPPO (2022),
16,1.25,32.5,2002.0,CABI,Nyeko et al. (2009); CABI and EPPO (2007); EPPO (2014); EPPO (2020); EPPO (2021); EPPO (2022),
17,-19.0,29.75,2007.0,CABI,ICFR (2011); EPPO (2014); EPPO (2020); EPPO (2021); EPPO (2022),
18,13.0,105.0,,CABI,FAO (2012),
19,35.0,105.0,,CABI,EPPO (2022); CABI (2020); EPPO (2014); EPPO (2020); EPPO (2021); Seebens et al. (2017),
20,26.25,118.0,,CABI,Zhang et al. (2012); EPPO (2022),
21,23.5,113.25,,CABI,Tang Chao et al. (2008); EPPO (2014); EPPO (2020); EPPO (2021); EPPO (2022),
22,24.0,109.0,2007.0,CABI,Wu et al. (2009); EPPO (2014); EPPO (2020); EPPO (2021); EPPO (2022),
23,19.25,109.75,2008.0,CABI,Tang Chao et al. (2008); EPPO (2014); EPPO (2020); EPPO (2021); EPPO (2022),
24,27.66667,115.66667,,CABI,Chen et al. (2015); EPPO (2022),
25,30.5,102.66667,,CABI,Zheng XiaLin et al. (2016); EPPO (2022),
26,25.0,101.5,,CABI,EPPO (2022),
27,22.0,79.0,,CABI,CABI and EPPO (2007); CABI (2020); EPPO (2014); EPPO (2020); EPPO (2021); EPPO (2022),
28,15.83333,79.75,,CABI,CABI (Undated b); CABI and EPPO (2007); EPPO (2014); EPPO (2020); EPPO (2021); EPPO (2022); Jacob et al. (2007); Narendran (2007),
29,28.6667,77.1,,CABI,CABI (Undated); EPPO (2022),
30,15.33333,74.08333,,CABI,Shivesh Kumar et al. (2007); EPPO (2022),
31,23.0,71.75,,CABI,Shivesh Kumar et al. (2007); EPPO (2022),
32,29.25,76.33333,,CABI,Ramanagouda et al. (2011); EPPO (2022),
33,33.91667,76.66667,,CABI,Ramanagouda et al. (2011); EPPO (2022),
34,14.66667,75.83333,,CABI,CABI (Undated b); CABI and EPPO (2007); EPPO (2014); EPPO (2020); EPPO (2021); EPPO (2022); Jhala et al. (2010); Kumari et al. (2010); Ramanagouda et al. (2011),
35,10.41667,76.5,2004.0,CABI,CABI (Undated b); CABI and EPPO (2007); EPPO (2014); EPPO (2020); EPPO (2021); EPPO (2022); Jacob et al. (2007); Narendran (2007),
36,23.5,78.5,,CABI,Shivesh Kumar et al. (2007); EPPO (2022),
37,19.5,76.0,,CABI,Shivesh Kumar et al. (2007); EPPO (2022),
38,20.5,84.41667,,CABI,Ramanagouda et al. (2011); EPPO (2022),
39,30.91667,75.41667,2009.0,CABI,Sangha et al. (2011); EPPO (2022),
40,11.0,78.33333,,CABI,CABI (Undated b); CABI and EPPO (2007); EPPO (2014); EPPO (2020); EPPO (2021); EPPO (2022); Jacob et al. (2007); Kumari et al. (2010); Narendran (2007),
41,27.25,80.75,2007.0,CABI,Jacob and  Ramesh (2009); EPPO (2022),
42,30.25,79.25,,CABI,Ramanagouda et al. (2011); EPPO (2022),
43,-5.0,120.0,,CABI,EPPO (2022),
44,32.0,53.0,2005.0,CABI,Hesami et al. (2005); CABI and EPPO (2007); EPPO (2014); EPPO (2020); EPPO (2021); EPPO (2022),
45,33.0,44.0,2010.0,CABI,Hassan (2012),
46,31.5,34.75,2001.0,CABI,Mendel et al. (2004); CABI and EPPO (2007); EPPO (2014); EPPO (2020); EPPO (2021); EPPO (2022),
47,31.0,36.0,2001.0,CABI,Wylie and Speight (2012); CABI and EPPO (2007); EPPO (2014); EPPO (2020); EPPO (2021); EPPO (2022),
48,18.0,105.0,2008.0,CABI,Thu et al. (2009); EPPO (2014); EPPO (2020); EPPO (2021); EPPO (2022),
49,2.5,112.5,,CABI,CABI (Undated a),
50,5.5,117.0,2012.0,CABI,Lawson et al. (2012),
51,7.75,80.75,2010.0,CABI,Karunaratne et al. (2010),
52,35.0,38.0,2001.0,CABI,Wylie and Speight (2012); CABI and EPPO (2007); EPPO (2014); EPPO (2020); EPPO (2021); EPPO (2022),
53,24.0,121.0,2010.0,CABI,CABI (Undated); EPPO (2022),
54,15.5,101.0,2004.0,CABI,Sangtongpraow et al. (2011); CABI and EPPO (2007); EPPO (2014); EPPO (2020); EPPO (2021); EPPO (2022),
55,39.0,35.0,2000.0,CABI,Aytar (2003); CABI and EPPO (2007); EPPO (2014); EPPO (2020); EPPO (2021); EPPO (2022),
56,16.16667,107.83333,2002.0,CABI,Thu (2004); CABI and EPPO (2007); EPPO (2014); EPPO (2020); EPPO (2021); EPPO (2022),
57,35.0,33.0,,CABI,Demetriou et al. (2022),
58,46.0,2.0,,CABI,EPPO (2022); CABI (2020); CABI and EPPO (2007); EPPO (2014); EPPO (2020); EPPO (2021); Seebens et al. (2017),
59,42.06153,8.9542,2004.0,CABI,Wylie and Speight (2012); CABI and EPPO (2007); EPPO (2014); EPPO (2020); EPPO (2021); EPPO (2022); Seebens et al. (2017),
60,36.13333,-5.35,,CABI,EPPO (2022),
61,39.0,22.0,2004.0,CABI,Wylie and Speight (2012); Bella (2014); CABI and EPPO (2007); EPPO (2014); EPPO (2020); EPPO (2021); EPPO (2022),
62,42.83333,12.83333,2000.0,CABI,Viggiani et al. (2002); CABI (2021); CABI and EPPO (2007); EPPO (2014); EPPO (2020); EPPO (2021); EPPO (2022); Seebens et al. (2017),
63,40.0,9.0,2001.0,CABI,Seebens et al. (2017),
64,37.75,14.25,2002.0,CABI,Seebens et al. (2017),
65,35.91667,14.43333,2006.0,CABI,Mifsud (2012); EPPO (2014); EPPO (2020); EPPO (2021); EPPO (2022),
66,42.75,19.25,,CABI,EPPO (2022),
67,39.6945,-8.13057,2003.0,CABI,Seebens et al. (2017); Branco et al. (2006); CABI and EPPO (2007); EPPO (2014); EPPO (2020); EPPO (2021); EPPO (2022),
68,40.0,-4.0,2003.0,CABI,S?nchez (2003); CABI (2020); CABI and EPPO (2007); EPPO (2014); EPPO (2020); EPPO (2021); EPPO (2022); Pujade-Villar and Riba-Flinch (2004); Seebens et al. (2017),
69,39.58876,2.90314,2003.0,CABI,S?nchez (2003); EPPO (2014); EPPO (2020); EPPO (2021); EPPO (2022); Seebens et al. (2017),
70,54.75844,-2.69531,2006.0,CABI,Wylie and Speight (2012),
71,23.0,-102.0,2014.0,CABI,Vanegas-Rico et al. (2015); EPPO (2020); EPPO (2021); EPPO (2022),
72,39.76,-98.5,,CABI,EPPO (2022); CABI (2020); EPPO (2014); EPPO (2020); EPPO (2021),
73,28.75054,-82.5001,2008.0,CABI,Wiley and  Skelley (2008); EPPO (2014); EPPO (2020); EPPO (2021); EPPO (2022),
74,-25.0,135.0,,CABI,EPPO (2022); CABI (Undated a),
75,-33.0,146.0,,CABI,De Souza (2016),
76,-20.0,145.0,,CABI,De Souza (2016); EPPO (2022),
77,-34.0,-64.0,2009.0,CABI,Aquino et al. (2011); EPPO (2020); EPPO (2021); EPPO (2022),
78,-10.0,-55.0,,CABI,EPPO (2022); CABI (2020); EPPO (2014); EPPO (2020); EPPO (2021),
79,-12.0,-42.0,2007.0,CABI,Costa et al. (2008); EPPO (2014); EPPO (2020); EPPO (2021); EPPO (2022),
80,-20.0,-40.75,,CABI,Pereira et al. (2014); EPPO (2022),
81,-15.58071,-49.63623,2011.0,CABI,Pereira et al. (2014); EPPO (2022); Pereira et al. (2014),
82,-5.0,-45.0,,CABI,Pereira et al. (2014); EPPO (2014); EPPO (2020); EPPO (2021); EPPO (2022),
83,-20.5,-55.0,,CABI,Pereira et al. (2014); EPPO (2022),
84,-18.0,-44.0,,CABI,Pereira et al. (2014); EPPO (2014); EPPO (2020); EPPO (2021); EPPO (2022),
85,-24.5,-51.33333,,CABI,Pereira et al. (2014); EPPO (2022); Puretz et al. (2015),
86,-8.33333,-37.75,,CABI,Pereira et al. (2014); EPPO (2022),
87,-30.0,-53.5,,CABI,Pereira et al. (2014); EPPO (2022),
88,-22.0,-49.0,2007.0,CABI,Costa et al. (2008); EPPO (2014); EPPO (2020); EPPO (2021); EPPO (2022),
89,-10.5,-37.33333,,CABI,Rolim et al. (2014); EPPO (2022),
90,-10.5,-48.0,,CABI,Pereira et al. (2014); EPPO (2014); EPPO (2020); EPPO (2021); EPPO (2022),
91,-30.0,-71.0,2010.0,CABI,Wylie and Speight (2012); CPF (2014); EPPO (2022),
92,-23.33333,-58.0,2012.0,CABI,Ben?tez D?az et al. (2014); EPPO (2020); EPPO (2021); EPPO (2022),
93,-33.0,-56.0,2013.0,CABI,Jorge et al. (2016); EPPO (2020); EPPO (2021); EPPO (2022),
0,0.452,34.16,,Otieno et al. 2019,,
1,0.363,34.172,,Otieno et al. 2019,,
2,-0.08,34.999,,Otieno et al. 2019,,
3,-3.616,38.156,,Otieno et al. 2019,,
4,-1.284,35.099,,Otieno et al. 2019,,
5,-1.0,36.82,,Otieno et al. 2019,,
6,-6.789,37.0,,Otieno et al. 2019,,
7,-8.6,34.715,,Otieno et al. 2019,,
8,-5.116,31.937,,Otieno et al. 2019,,
9,-25.753,27.744,,Otieno et al. 2019,,
10,0.657,34.208,,Otieno et al. 2019,,
11,-25.959,32.03,,Otieno et al. 2019,,
12,-28.465,21.287,,Otieno et al. 2019,,
13,-25.615,27.795,,Otieno et al. 2019,,
14,-30.572,30.57,,Otieno et al. 2019,,
15,-28.606,32.084,,Otieno et al. 2019,,
16,1.0,38.0,,Otieno et al. 2019,,
17,-18.25,35.0,,Otieno et al. 2019,,
18,-30.0,26.0,,Otieno et al. 2019,,
19,-6.0,35.0,,Otieno et al. 2019,,
20,2.0,33.0,,Otieno et al. 2019,,
21,-19.0,29.0,,Otieno et al. 2019,,
22,10.148,39.331,,Otieno et al. 2019,,
23,8.0,38.0,,Otieno et al. 2019,,
24,-23.506,-51.999,,Otieno et al. 2019,,
25,26.129,-79.855,,Otieno et al. 2019,,
26,19.323,-99.176,,Otieno et al. 2019,,
27,19.463,-99.072,,Otieno et al. 2019,,
28,19.405,-99.12,,Otieno et al. 2019,,
29,19.354,-99.089,,Otieno et al. 2019,,
30,19.453,-99.114,,Otieno et al. 2019,,
31,19.254,-99.108,,Otieno et al. 2019,,
32,20.649,-103.336,,Otieno et al. 2019,,
33,18.863,-98.961,,Otieno et al. 2019,,
34,19.479,-99.058,,Otieno et al. 2019,,
35,19.333,-98.876,,Otieno et al. 2019,,
36,23.709,-99.051,,Otieno et al. 2019,,
37,-21.463,-46.522,,Otieno et al. 2019,,
38,-12.0,-42.0,,Otieno et al. 2019,,
39,-10.0,-55.0,,Otieno et al. 2019,,
40,-15.581,-49.636,,Otieno et al. 2019,,
41,-5.0,-45.0,,Otieno et al. 2019,,
42,-18.0,-44.0,,Otieno et al. 2019,,
43,-24.0,-51.0,,Otieno et al. 2019,,
44,-22.0,-49.0,,Otieno et al. 2019,,
45,-10.5,-48.0,,Otieno et al. 2019,,
46,28.751,-82.5,,Otieno et al. 2019,,
47,39.76,-98.5,,Otieno et al. 2019,,
48,-33.0,-56.0,,Otieno et al. 2019,,
49,36.864,43.0,,Otieno et al. 2019,,
50,36.864,43.0,,Otieno et al. 2019,,
51,32.0,34.832,,Otieno et al. 2019,,
52,36.133,36.067,,Otieno et al. 2019,,
53,36.967,35.483,,Otieno et al. 2019,,
54,36.95,35.633,,Otieno et al. 2019,,
55,36.983,35.667,,Otieno et al. 2019,,
56,37.017,35.733,,Otieno et al. 2019,,
57,37.25,35.65,,Otieno et al. 2019,,
58,37.367,35.85,,Otieno et al. 2019,,
59,37.333,35.917,,Otieno et al. 2019,,
60,37.35,36.05,,Otieno et al. 2019,,
61,37.367,36.083,,Otieno et al. 2019,,
62,37.117,36.2,,Otieno et al. 2019,,
63,37.283,36.35,,Otieno et al. 2019,,
64,33.033,35.833,,Otieno et al. 2019,,
65,32.967,35.8,,Otieno et al. 2019,,
66,32.767,35.4,,Otieno et al. 2019,,
67,33.067,35.583,,Otieno et al. 2019,,
68,32.5,35.45,,Otieno et al. 2019,,
69,32.433,34.9,,Otieno et al. 2019,,
70,32.083,34.867,,Otieno et al. 2019,,
71,29.662,52.468,,Otieno et al. 2019,,
72,28.0,3.0,,Otieno et al. 2019,,
73,46.0,2.0,,Otieno et al. 2019,,
74,39.0,22.0,,Otieno et al. 2019,,
75,32.0,53.0,,Otieno et al. 2019,,
76,31.5,34.75,,Otieno et al. 2019,,
77,42.833,12.833,,Otieno et al. 2019,,
78,31.0,36.0,,Otieno et al. 2019,,
79,35.917,14.433,,Otieno et al. 2019,,
80,32.0,-5.0,,Otieno et al. 2019,,
81,39.5,-8.0,,Otieno et al. 2019,,
82,40.0,-4.0,,Otieno et al. 2019,,
83,35.0,38.0,,Otieno et al. 2019,,
84,34.0,9.0,,Otieno et al. 2019,,
85,39.0,35.0,,Otieno et al. 2019,,
86,24.998,121.588,,Otieno et al. 2019,,
87,25.031,121.51,,Otieno et al. 2019,,
88,25.093,121.343,,Otieno et al. 2019,,
89,25.183,121.487,,Otieno et al. 2019,,
90,23.637,120.557,,Otieno et al. 2019,,
91,23.636,120.557,,Otieno et al. 2019,,
92,17.667,81.0,,Otieno et al. 2019,,
93,21.341,105.724,,Otieno et al. 2019,,
94,22.133,108.0,,Otieno et al. 2019,,
95,7.64,80.377,,Otieno et al. 2019,,
96,18.32,109.5,,Otieno et al. 2019,,
97,19.499,109.563,,Otieno et al. 2019,,
98,21.267,110.083,,Otieno et al. 2019,,
99,15.491,74.982,,Otieno et al. 2019,,
100,35.0,105.0,,Otieno et al. 2019,,
101,23.0,113.0,,Otieno et al. 2019,,
102,24.0,109.0,,Otieno et al. 2019,,
103,19.2,109.6,,Otieno et al. 2019,,
104,16.0,79.0,,Otieno et al. 2019,,
105,20.0,77.0,,Otieno et al. 2019,,
106,13.5,76.0,,Otieno et al. 2019,,
107,10.0,76.5,,Otieno et al. 2019,,
108,11.0,78.0,,Otieno et al. 2019,,
109,18.0,105.0,,Otieno et al. 2019,,
110,15.0,100.0,,Otieno et al. 2019,,
111,16.167,107.833,,Otieno et al. 2019,,
112,-25.333,151.133,,Otieno et al. 2019,,
113,-26.083,151.433,,Otieno et al. 2019,,
114,-17.367,144.633,,Otieno et al. 2019,,
115,-17.417,144.817,,Otieno et al. 2019,,
116,-16.95,144.617,,Otieno et al. 2019,,
117,-26.689,150.016,,Otieno et al. 2019,,
118,-27.5,151.05,,Otieno et al. 2019,,
119,-27.467,152.983,,Otieno et al. 2019,,
120,-27.533,153.0,,Otieno et al. 2019,,
121,-17.56,144.567,,Otieno et al. 2019,,
0,31.166667,104.283333,2019-12,Peng et al. 2021,,512.3
1,26.816667,102.25,2018-07,Peng et al. 2021,,1137.2
2,25.6,114.716667,2016-07,Peng et al. 2021,,195.6
3,26.5,117.95,2019-09,Peng et al. 2021,,177.6
4,18.15,108.933333,2017-07,Peng et al. 2021,,24.6
5,26.1,103.166667,2019-07,Peng et al. 2021,,1846.5
6,22.233333,108.016667,2019-07,Peng et al. 2021,,250.0
7,21.95,107.783333,2019-10,Peng et al. 2021,,220.0
8,22.85,108.283333,2019-06,Peng et al. 2021,,143.3
9,22.833333,108.283333,2019-06,Peng et al. 2021,,156.4
10,23.05,111.05,2016-07,Peng et al. 2021,,76.2
11,23.266667,108.4,2020-06,Peng et al. 2021,,361.3
12,22.5,110.016667,2019-08,Peng et al. 2021,,150.46
13,21.866667,109.2,2020-07,Peng et al. 2021,,45.26
0,13.640336,103.176781,21/05/2015,Madeline overseas collections - Cambodia,,
1,13.640048,103.177023,21/05/2015,Madeline overseas collections - Cambodia,,
2,13.640048,103.177023,21/05/2015,Madeline overseas collections - Cambodia,,
3,13.64028,103.177761,21/05/2015,Madeline overseas collections - Cambodia,,
4,13.688814,102.792516,21/05/2015,Madeline overseas collections - Cambodia,,
5,13.688291,102.798704,21/05/2015,Madeline overseas collections - Cambodia,,
6,13.605078,102.960212,21/05/2015,Madeline overseas collections - Cambodia,,
7,13.604782,102.960427,21/05/2015,Madeline overseas collections - Cambodia,,
8,11.897941,104.53792,11/11/2015,Madeline overseas collections - Cambodia,,
9,11.899676,104.559661,11/11/2015,Madeline overseas collections - Cambodia,,
10,11.886005,104.527536,11/11/2015,Madeline overseas collections - Cambodia,,
11,11.868181,104.528017,11/11/2015,Madeline overseas collections - Cambodia,,
12,12.093978,104.695548,12/11/2015,Madeline overseas collections - Cambodia,,
13,12.09442,104.711913,12/11/2015,Madeline overseas collections - Cambodia,,
14,13.605078,102.960212,16/11/2015,Madeline overseas collections - Cambodia,,
15,13.604619,102.960428,16/11/2015,Madeline overseas collections - Cambodia,,
16,13.640336,103.176781,17/11/2015,Madeline overseas collections - Cambodia,,
17,13.640048,103.177023,17/11/2015,Madeline overseas collections - Cambodia,,
18,13.64028,103.177761,17/11/2015,Madeline overseas collections - Cambodia,,
19,13.688291,102.798704,18/11/2015,Madeline overseas collections - Cambodia,,
20,13.688814,102.792516,18/11/2015,Madeline overseas collections - Cambodia,,
21,13.288379,102.740208,14/11/2015,Madeline overseas collections - Cambodia,,
22,13.288927,102.70854,14/11/2015,Madeline overseas collections - Cambodia,,
23,13.036995,103.052196,15/11/2015,Madeline overseas collections - Cambodia,,
24,13.037081,103.052813,15/11/2015,Madeline overseas collections - Cambodia,,
25,12.052275,105.28342,23/08/2015,Madeline overseas collections - Cambodia,,
26,12.052411,105.282933,23/08/2015,Madeline overseas collections - Cambodia,,
27,12.056629,105.218254,23/08/2015,Madeline overseas collections - Cambodia,,
28,12.03359,104.985365,23/08/2015,Madeline overseas collections - Cambodia,,
29,12.028996,104.979017,23/08/2015,Madeline overseas collections - Cambodia,,
30,11.897941,104.538085,20/05/2015,Madeline overseas collections - Cambodia,,
31,11.899676,104.559661,20/05/2015,Madeline overseas collections - Cambodia,,
32,12.489942,106.025337,2/02/2016,Madeline overseas collections - Cambodia,,
33,11.192705,105.367628,2/02/2016,Madeline overseas collections - Cambodia,,
34,11.192705,105.367628,2/02/2016,Madeline overseas collections - Cambodia,,
35,10.772452,103.81017,18/05/2015,Madeline overseas collections - Cambodia,,
36,11.33228,104.315189,19/05/2015,Madeline overseas collections - Cambodia,,
37,11.332299,104.315189,19/05/2015,Madeline overseas collections - Cambodia,,
38,11.346891,104.337414,19/05/2015,Madeline overseas collections - Cambodia,,
39,11.34824,104.338208,19/05/2015,Madeline overseas collections - Cambodia,,
40,11.325706,104.315205,26/12/2015,Madeline overseas collections - Cambodia,,
41,11.346891,104.337414,26/12/2015,Madeline overseas collections - Cambodia,,
42,11.34824,104.338208,27/12/2015,Madeline overseas collections - Cambodia,,
43,11.120048,103.955039,28/12/2015,Madeline overseas collections - Cambodia,,
44,11.329443,104.32008,28/12/2015,Madeline overseas collections - Cambodia,,
45,11.427362,104.803362,4/07/2015,Madeline overseas collections - Cambodia,,
46,11.388653,104.774992,4/07/2015,Madeline overseas collections - Cambodia,,
47,11.369652,105.247604,1/08/2015,Madeline overseas collections - Cambodia,,
48,11.369652,105.247604,1/08/2015,Madeline overseas collections - Cambodia,,
49,11.358862,105.248016,1/08/2015,Madeline overseas collections - Cambodia,,
50,11.34235,105.246407,1/08/2015,Madeline overseas collections - Cambodia,,
51,11.736576,104.982866,23/08/2015,Madeline overseas collections - Cambodia,,
52,11.736576,104.982866,3/10/2015,Madeline overseas collections - Cambodia,,
53,11.736576,104.982866,3/10/2015,Madeline overseas collections - Cambodia,,
54,11.736576,104.982866,3/10/2015,Madeline overseas collections - Cambodia,,
55,11.736576,104.982866,14/10/2015,Madeline overseas collections - Cambodia,,
56,11.736576,104.982866,14/10/2015,Madeline overseas collections - Cambodia,,
57,11.736576,104.982866,15/10/2015,Madeline overseas collections - Cambodia,,
58,11.736576,104.982866,15/10/2015,Madeline overseas collections - Cambodia,,
59,11.736576,104.982866,15/10/2015,Madeline overseas collections - Cambodia,,
60,11.736576,104.982866,15/10/2015,Madeline overseas collections - Cambodia,,
61,11.736576,104.982866,15/10/2015,Madeline overseas collections - Cambodia,,
62,11.736576,104.982866,15/10/2015,Madeline overseas collections - Cambodia,,
63,11.736576,104.982866,15/10/2015,Madeline overseas collections - Cambodia,,
64,11.736576,104.982866,15/10/2015,Madeline overseas collections - Cambodia,,
65,11.736576,104.982866,15/10/2015,Madeline overseas collections - Cambodia,,
66,11.736576,104.982866,15/10/2015,Madeline overseas collections - Cambodia,,
67,11.736576,104.982866,15/10/2015,Madeline overseas collections - Cambodia,,
68,11.736576,104.982866,15/10/2015,Madeline overseas collections - Cambodia,,
69,11.736576,104.982866,15/10/2015,Madeline overseas collections - Cambodia,,
70,11.736576,104.982866,15/10/2015,Madeline overseas collections - Cambodia,,
71,11.736576,104.982866,15/10/2015,Madeline overseas collections - Cambodia,,
72,11.736576,104.982866,15/10/2015,Madeline overseas collections - Cambodia,,
73,11.736576,104.982866,15/10/2015,Madeline overseas collections - Cambodia,,
74,11.736576,104.982866,15/10/2015,Madeline overseas collections - Cambodia,,
75,11.736576,104.982866,15/10/2015,Madeline overseas collections - Cambodia,,
76,11.736576,104.982866,15/10/2015,Madeline overseas collections - Cambodia,,
77,11.736576,104.982866,15/10/2015,Madeline overseas collections - Cambodia,,
78,11.736576,104.982866,15/10/2015,Madeline overseas collections - Cambodia,,
79,11.736576,104.982866,15/10/2015,Madeline overseas collections - Cambodia,,
80,11.736576,104.982866,15/10/2015,Madeline overseas collections - Cambodia,,
81,11.736576,104.982866,15/10/2015,Madeline overseas collections - Cambodia,,
82,11.736576,104.982866,15/10/2015,Madeline overseas collections - Cambodia,,
83,11.736576,104.982866,15/10/2015,Madeline overseas collections - Cambodia,,
84,11.736576,104.982866,15/10/2015,Madeline overseas collections - Cambodia,,
85,11.736576,104.982866,15/10/2015,Madeline overseas collections - Cambodia,,
86,11.736576,104.982866,16/10/2015,Madeline overseas collections - Cambodia,,
87,11.736576,104.982866,16/10/2015,Madeline overseas collections - Cambodia,,
88,10.583256,104.25808,5/07/2015,Madeline overseas collections - Cambodia,,
89,10.532922,104.294794,5/07/2015,Madeline overseas collections - Cambodia,,
90,10.508362,104.337672,5/07/2015,Madeline overseas collections - Cambodia,,
91,10.528026,104.334806,5/07/2015,Madeline overseas collections - Cambodia,,
92,10.526886,104.374691,5/07/2015,Madeline overseas collections - Cambodia,,
93,10.700127,104.579493,5/07/2015,Madeline overseas collections - Cambodia,,
94,10.869375,104.651732,5/07/2015,Madeline overseas collections - Cambodia,,
95,10.523154,104.357947,5/07/2015,Madeline overseas collections - Cambodia,,
96,11.120057,103.955021,19/05/2015,Madeline overseas collections - Cambodia,,
97,11.118142,103.955385,19/05/2015,Madeline overseas collections - Cambodia,,
98,11.120057,103.955021,25/12/2015,Madeline overseas collections - Cambodia,,
99,11.118169,103.955385,25/12/2015,Madeline overseas collections - Cambodia,,
100,11.107899,104.373358,23/05/2015,Madeline overseas collections - Cambodia,,
101,11.107694,104.370374,23/05/2015,Madeline overseas collections - Cambodia,,
102,11.107899,104.373358,29/12/2015,Madeline overseas collections - Cambodia,,
103,11.107694,104.370374,30/12/2015,Madeline overseas collections - Cambodia,,
104,11.229302,105.339459,1/08/2015,Madeline overseas collections - Cambodia,,
105,11.20975,105.354101,1/08/2015,Madeline overseas collections - Cambodia,,
106,11.196291,105.363538,1/08/2015,Madeline overseas collections - Cambodia,,
107,11.196291,105.363538,1/08/2015,Madeline overseas collections - Cambodia,,
108,11.192687,105.367628,1/08/2015,Madeline overseas collections - Cambodia,,
109,11.18457,105.385084,1/08/2015,Madeline overseas collections - Cambodia,,
110,11.1457,105.563075,1/08/2015,Madeline overseas collections - Cambodia,,
111,11.122424,105.699975,1/08/2015,Madeline overseas collections - Cambodia,,
112,11.577822,105.481487,2/08/2015,Madeline overseas collections - Cambodia,,
113,11.560755,105.524306,2/08/2015,Madeline overseas collections - Cambodia,,
114,11.560665,105.524343,2/08/2015,Madeline overseas collections - Cambodia,,
115,11.618055,105.720596,2/08/2015,Madeline overseas collections - Cambodia,,
116,11.529577,105.376294,2/08/2015,Madeline overseas collections - Cambodia,,
117,11.545566,105.39707,2/08/2015,Madeline overseas collections - Cambodia,,
118,11.583786,105.473711,2/08/2015,Madeline overseas collections - Cambodia,,
119,11.614401,105.43119,22/08/2015,Madeline overseas collections - Cambodia,,
120,11.621745,105.43032,22/08/2015,Madeline overseas collections - Cambodia,,
121,11.654979,105.430628,22/08/2015,Madeline overseas collections - Cambodia,,
122,11.700567,105.454079,22/08/2015,Madeline overseas collections - Cambodia,,
123,11.475494,105.326116,22/08/2015,Madeline overseas collections - Cambodia,,
124,11.141586,105.506481,2/02/2016,Madeline overseas collections - Cambodia,,
125,11.145789,105.563936,2/02/2016,Madeline overseas collections - Cambodia,,
126,11.320543,105.644391,2/02/2016,Madeline overseas collections - Cambodia,,
127,11.1419,105.508203,2/02/2016,Madeline overseas collections - Cambodia,,
128,10.272868,104.253208,13/11/2015,Madeline overseas collections - Cambodia,,
129,10.272824,104.253674,13/11/2015,Madeline overseas collections - Cambodia,,
130,13.658624,103.935415,22/05/2015,Madeline overseas collections - Cambodia,,
131,13.662188,103.935852,22/05/2015,Madeline overseas collections - Cambodia,,
132,13.658624,103.935415,20/11/2015,Madeline overseas collections - Cambodia,,
133,13.662188,103.935852,20/11/2015,Madeline overseas collections - Cambodia,,
134,11.145853,105.563249,1/08/2015,Madeline overseas collections - Cambodia,,
135,11.099041,105.761925,1/08/2015,Madeline overseas collections - Cambodia,,
136,11.139677,105.64399,1/08/2015,Madeline overseas collections - Cambodia,,
137,11.119716,105.709272,1/08/2015,Madeline overseas collections - Cambodia,,
138,11.104631,105.746896,2/02/2016,Madeline overseas collections - Cambodia,,
139,11.119716,105.709428,2/02/2016,Madeline overseas collections - Cambodia,,
140,11.122561,105.699188,2/02/2016,Madeline overseas collections - Cambodia,,
141,11.122561,105.699188,2/02/2016,Madeline overseas collections - Cambodia,,
142,11.122561,105.699188,2/02/2016,Madeline overseas collections - Cambodia,,
143,11.122561,105.699188,2/02/2016,Madeline overseas collections - Cambodia,,
144,11.122561,105.699188,2/02/2016,Madeline overseas collections - Cambodia,,
145,11.139658,105.644338,2/02/2016,Madeline overseas collections - Cambodia,,
146,11.04305,104.681356,23/05/2015,Madeline overseas collections - Cambodia,,
147,11.283982,104.803524,23/05/2015,Madeline overseas collections - Cambodia,,
148,11.132979,104.779871,23/05/2015,Madeline overseas collections - Cambodia,,
149,10.94238,104.654686,4/07/2015,Madeline overseas collections - Cambodia,,
150,11.071136,104.686023,4/07/2015,Madeline overseas collections - Cambodia,,
151,10.964045,104.667337,4/07/2015,Madeline overseas collections - Cambodia,,
152,11.910717,105.666244,22/08/2015,Madeline overseas collections - Cambodia,,
153,11.96144,105.510205,22/08/2015,Madeline overseas collections - Cambodia,,
154,11.962187,105.49721,22/08/2015,Madeline overseas collections - Cambodia,,
0,16.550163,104.85724,29/01/2015,Madeline overseas collections - Laos,,
1,18.109722,102.75194,31/03/2015,Madeline overseas collections - Laos,,
2,18.281111,102.76306,1/04/2015,Madeline overseas collections - Laos,,
3,18.275,102.76194,1/04/2015,Madeline overseas collections - Laos,,
4,18.273333,102.68056,1/04/2015,Madeline overseas collections - Laos,,
5,18.3425,102.66111,1/04/2015,Madeline overseas collections - Laos,,
6,18.305278,102.67056,1/04/2015,Madeline overseas collections - Laos,,
7,18.282222,102.71667,1/04/2015,Madeline overseas collections - Laos,,
8,18.169722,102.62500,1/04/2015,Madeline overseas collections - Laos,,
9,16.40062,106.49432,21/05/2015,Madeline overseas collections - Laos,,
10,16.53398,106.45922,21/05/2015,Madeline overseas collections - Laos,,
11,16.58194,106.42978,21/05/2015,Madeline overseas collections - Laos,,
12,16.62205,106.56377,21/05/2015,Madeline overseas collections - Laos,,
13,16.618,106.53969,21/05/2015,Madeline overseas collections - Laos,,
14,16.61879,106.52972,21/05/2015,Madeline overseas collections - Laos,,
15,16.62208,106.50536,21/05/2015,Madeline overseas collections - Laos,,
16,16.61313,106.48925,21/05/2015,Madeline overseas collections - Laos,,
17,16.61847,106.47121,21/05/2015,Madeline overseas collections - Laos,,
18,16.62129,106.45338,21/05/2015,Madeline overseas collections - Laos,,
19,16.644669,106.39187,21/05/2015,Madeline overseas collections - Laos,,
20,16.64672,106.36089,21/05/2015,Madeline overseas collections - Laos,,
21,16.66682,106.23937,21/05/2015,Madeline overseas collections - Laos,,
22,16.68246,106.25657,22/05/2015,Madeline overseas collections - Laos,,
23,16.68321,106.25079,22/05/2015,Madeline overseas collections - Laos,,
24,16.6861,106.24620,22/05/2015,Madeline overseas collections - Laos,,
25,16.69117,106.23734,22/05/2015,Madeline overseas collections - Laos,,
26,16.70824,106.18242,22/05/2015,Madeline overseas collections - Laos,,
27,16.71089,106.15159,22/05/2015,Madeline overseas collections - Laos,,
28,16.69282,106.13189,22/05/2015,Madeline overseas collections - Laos,,
29,16.64105,106.10682,22/05/2015,Madeline overseas collections - Laos,,
30,16.66012,106.11582,22/05/2015,Madeline overseas collections - Laos,,
31,16.67851,106.12955,22/05/2015,Madeline overseas collections - Laos,,
32,16.68833,106.12948,22/05/2015,Madeline overseas collections - Laos,,
33,16.69403,105.40538,23/05/2015,Madeline overseas collections - Laos,,
34,16.70291,105.35578,23/05/2015,Madeline overseas collections - Laos,,
35,16.70563,105.32267,23/05/2015,Madeline overseas collections - Laos,,
36,16.70872,105.27425,23/05/2015,Madeline overseas collections - Laos,,
37,16.70996,105.24130,23/05/2015,Madeline overseas collections - Laos,,
38,16.70319,105.16013,23/05/2015,Madeline overseas collections - Laos,,
39,16.69278,105.11647,23/05/2015,Madeline overseas collections - Laos,,
40,16.6939,105.06504,23/05/2015,Madeline overseas collections - Laos,,
41,16.56011,105.72407,23/05/2015,Madeline overseas collections - Laos,,
42,16.5933,105.67223,23/05/2015,Madeline overseas collections - Laos,,
43,16.60795,105.65570,23/05/2015,Madeline overseas collections - Laos,,
44,16.63573,105.64365,23/05/2015,Madeline overseas collections - Laos,,
45,16.69153,105.50784,23/05/2015,Madeline overseas collections - Laos,,
46,16.61701,106.10764,23/05/2015,Madeline overseas collections - Laos,,
47,16.57512,106.07410,23/05/2015,Madeline overseas collections - Laos,,
48,16.58081,105.87909,23/05/2015,Madeline overseas collections - Laos,,
49,16.57538,105.86658,23/05/2015,Madeline overseas collections - Laos,,
50,16.57474,105.82907,23/05/2015,Madeline overseas collections - Laos,,
51,16.57668,105.82262,23/05/2015,Madeline overseas collections - Laos,,
52,16.57587,105.79481,23/05/2015,Madeline overseas collections - Laos,,
53,16.56911,105.77732,23/05/2015,Madeline overseas collections - Laos,,
54,16.56999,105.75948,23/05/2015,Madeline overseas collections - Laos,,
55,16.70085,106.14176,23/05/2015,Madeline overseas collections - Laos,,
56,16.68404,104.95724,24/05/2015,Madeline overseas collections - Laos,,
57,16.71492,104.94007,24/05/2015,Madeline overseas collections - Laos,,
58,16.72885,104.92033,24/05/2015,Madeline overseas collections - Laos,,
59,16.74018,104.90624,24/05/2015,Madeline overseas collections - Laos,,
60,16.80237,104.90690,24/05/2015,Madeline overseas collections - Laos,,
61,16.83211,104.90321,24/05/2015,Madeline overseas collections - Laos,,
62,16.87767,104.90576,24/05/2015,Madeline overseas collections - Laos,,
63,17.18883,105.00359,24/05/2015,Madeline overseas collections - Laos,,
64,17.22857,104.99699,24/05/2015,Madeline overseas collections - Laos,,
65,17.27536,104.98505,24/05/2015,Madeline overseas collections - Laos,,
66,17.28523,104.97471,24/05/2015,Madeline overseas collections - Laos,,
67,16.9338,104.91102,24/05/2015,Madeline overseas collections - Laos,,
68,16.95654,104.91505,24/05/2015,Madeline overseas collections - Laos,,
69,16.9693,104.92046,24/05/2015,Madeline overseas collections - Laos,,
70,17.01259,104.97583,24/05/2015,Madeline overseas collections - Laos,,
71,17.0468,104.99481,24/05/2015,Madeline overseas collections - Laos,,
72,17.3831,104.82314,25/05/2015,Madeline overseas collections - Laos,,
73,17.38055,104.81004,25/05/2015,Madeline overseas collections - Laos,,
74,17.63634,104.66302,25/05/2015,Madeline overseas collections - Laos,,
75,17.82528,104.45129,26/05/2015,Madeline overseas collections - Laos,,
76,17.89555,104.38857,26/05/2015,Madeline overseas collections - Laos,,
77,18.38602,103.70651,27/05/2015,Madeline overseas collections - Laos,,
78,18.14607,104.25281,27/05/2015,Madeline overseas collections - Laos,,
79,18.25346,104.17906,27/05/2015,Madeline overseas collections - Laos,,
80,18.28623,104.07405,27/05/2015,Madeline overseas collections - Laos,,
81,18.32574,103.88897,27/05/2015,Madeline overseas collections - Laos,,
82,18.70844,102.92125,28/05/2015,Madeline overseas collections - Laos,,
83,18.14672,103.05300,28/05/2015,Madeline overseas collections - Laos,,
84,18.39819,103.62921,28/05/2015,Madeline overseas collections - Laos,,
85,18.41332,103.61062,28/05/2015,Madeline overseas collections - Laos,,
86,18.4334,103.56200,28/05/2015,Madeline overseas collections - Laos,,
87,18.43516,103.41650,28/05/2015,Madeline overseas collections - Laos,,
88,18.40414,103.22038,28/05/2015,Madeline overseas collections - Laos,,
89,18.38094,103.20277,28/05/2015,Madeline overseas collections - Laos,,
90,18.35794,103.19821,28/05/2015,Madeline overseas collections - Laos,,
91,18.28688,103.17204,28/05/2015,Madeline overseas collections - Laos,,
92,18.04979,102.86240,28/05/2015,Madeline overseas collections - Laos,,
93,14.3,105.9268,29/09/2015,Madeline overseas collections - Laos,,
94,14.07268,105.89706,29/09/2015,Madeline overseas collections - Laos,,
95,14.88095,105.88033,29/09/2015,Madeline overseas collections - Laos,,
96,14.09155,105.84133,29/09/2015,Madeline overseas collections - Laos,,
97,14.12745,105.87446,30/09/2015,Madeline overseas collections - Laos,,
98,14.45207,105.88797,30/09/2015,Madeline overseas collections - Laos,,
99,14.19602,105.91011,30/09/2015,Madeline overseas collections - Laos,,
100,14.24778,105.91892,30/09/2015,Madeline overseas collections - Laos,,
101,14.28914,105.91589,30/09/2015,Madeline overseas collections - Laos,,
102,14.32621,105.91519,30/09/2015,Madeline overseas collections - Laos,,
103,14.37936,105.90543,30/09/2015,Madeline overseas collections - Laos,,
104,14.42645,105.88594,30/09/2015,Madeline overseas collections - Laos,,
105,14.46566,105.88353,30/09/2015,Madeline overseas collections - Laos,,
106,14.49513,105.88059,30/09/2015,Madeline overseas collections - Laos,,
107,14.53217,105.88314,30/09/2015,Madeline overseas collections - Laos,,
108,14.67229,105.90908,30/09/2015,Madeline overseas collections - Laos,,
109,14.73421,105.9625,30/09/2015,Madeline overseas collections - Laos,,
110,14.80886,105.97272,30/09/2015,Madeline overseas collections - Laos,,
111,14.82999,105.95517,30/09/2015,Madeline overseas collections - Laos,,
112,14.90343,105.93494,30/09/2015,Madeline overseas collections - Laos,,
113,14.92427,105.93818,30/09/2015,Madeline overseas collections - Laos,,
114,14.96782,105.92097,30/09/2015,Madeline overseas collections - Laos,,
115,15.20285,105.74049,1/10/2015,Madeline overseas collections - Laos,,
116,15.26899,105.71335,1/10/2015,Madeline overseas collections - Laos,,
117,15.18252,105.75294,1/10/2015,Madeline overseas collections - Laos,,
118,15.24425,105.72346,1/10/2015,Madeline overseas collections - Laos,,
119,15.27749,105.72401,1/10/2015,Madeline overseas collections - Laos,,
120,15.29213,105.73265,1/10/2015,Madeline overseas collections - Laos,,
121,15.32507,105.76407,1/10/2015,Madeline overseas collections - Laos,,
122,15.34032,105.77909,1/10/2015,Madeline overseas collections - Laos,,
123,15.39305,105.8065,1/10/2015,Madeline overseas collections - Laos,,
124,15.10275,105.77026,2/10/2015,Madeline overseas collections - Laos,,
125,15.12284,105.63965,2/10/2015,Madeline overseas collections - Laos,,
126,15.13565,105.62922,2/10/2015,Madeline overseas collections - Laos,,
127,15.15625,105.57833,2/10/2015,Madeline overseas collections - Laos,,
128,15.1438,105.51234,2/10/2015,Madeline overseas collections - Laos,,
129,15.13986,105.51825,2/10/2015,Madeline overseas collections - Laos,,
130,15.13567,105.049406,2/10/2015,Madeline overseas collections - Laos,,
131,15.67682,105.75968,3/10/2015,Madeline overseas collections - Laos,,
132,15.68647,105.7815,3/10/2015,Madeline overseas collections - Laos,,
133,15.69224,105.77496,3/10/2015,Madeline overseas collections - Laos,,
134,15.70013,105.76659,3/10/2015,Madeline overseas collections - Laos,,
135,15.42857,105.77789,3/10/2015,Madeline overseas collections - Laos,,
137,19.4,103.17631,19/10/2015,Madeline overseas collections - Laos,,
138,19.42751,103.15924,19/10/2015,Madeline overseas collections - Laos,,
139,19.37949,103.17026,19/10/2015,Madeline overseas collections - Laos,,
140,19.37422,103.159332,19/10/2015,Madeline overseas collections - Laos,,
141,19.56152,103.29231,19/10/2015,Madeline overseas collections - Laos,,
142,19.57803,103.3215,19/10/2015,Madeline overseas collections - Laos,,
143,19.46456,103.18089,20/10/2015,Madeline overseas collections - Laos,,
144,19.47475,103.16057,20/10/2015,Madeline overseas collections - Laos,,
145,19.47589,103.14368,20/10/2015,Madeline overseas collections - Laos,,
146,19.5602,103.08742,20/10/2015,Madeline overseas collections - Laos,,
147,15.49396,106.27123,23/10/2015,Madeline overseas collections - Laos,,
148,15.66759,106.30971,23/10/2015,Madeline overseas collections - Laos,,
149,15.69969,106.40422,23/10/2015,Madeline overseas collections - Laos,,
150,15.74051,106.37729,23/10/2015,Madeline overseas collections - Laos,,
151,15.8356,106.38867,23/10/2015,Madeline overseas collections - Laos,,
152,15.85061,106.38596,23/10/2015,Madeline overseas collections - Laos,,
153,15.71332,106.39735,23/10/2015,Madeline overseas collections - Laos,,
154,15.65252,105.83937,24/10/2015,Madeline overseas collections - Laos,,
155,15.71352,106.36418,24/10/2015,Madeline overseas collections - Laos,,
156,15.71072,106.33377,24/10/2015,Madeline overseas collections - Laos,,
157,15.70775,106.32389,24/10/2015,Madeline overseas collections - Laos,,
158,15.7579,106.19687,24/10/2015,Madeline overseas collections - Laos,,
159,15.69546,106.04041,24/10/2015,Madeline overseas collections - Laos,,
160,15.69668,106.02245,24/10/2015,Madeline overseas collections - Laos,,
161,15.69893,106.00878,24/10/2015,Madeline overseas collections - Laos,,
162,15.69525,105.96556,24/10/2015,Madeline overseas collections - Laos,,
163,15.69554,105.96563,24/10/2015,Madeline overseas collections - Laos,,
164,15.67509,105.93421,24/10/2015,Madeline overseas collections - Laos,,
165,15.66298,105.89281,24/10/2015,Madeline overseas collections - Laos,,
166,15.74991,105.73898,25/10/2015,Madeline overseas collections - Laos,,
167,15.76468,105.72858,25/10/2015,Madeline overseas collections - Laos,,
168,15.80554,105.69422,25/10/2015,Madeline overseas collections - Laos,,
169,15.86153,105.60257,25/10/2015,Madeline overseas collections - Laos,,
170,15.89989,105.55766,25/10/2015,Madeline overseas collections - Laos,,
171,15.98514,105.84678,25/10/2015,Madeline overseas collections - Laos,,
172,16.34836,105.07578,25/10/2015,Madeline overseas collections - Laos,,
173,16.48265,105.04411,25/10/2015,Madeline overseas collections - Laos,,
174,16.04049,105.42559,25/10/2015,Madeline overseas collections - Laos,,
175,16.0717,105.40222,25/10/2015,Madeline overseas collections - Laos,,
176,16.11477,105.36746,25/10/2015,Madeline overseas collections - Laos,,
177,16.1276,105.35808,25/10/2015,Madeline overseas collections - Laos,,
178,16.22469,105.24325,25/10/2015,Madeline overseas collections - Laos,,
179,16.27298,105.14434,25/10/2015,Madeline overseas collections - Laos,,
180,16.32435,105.12059,25/10/2015,Madeline overseas collections - Laos,,
181,16.56682,105.02859,26/10/2015,Madeline overseas collections - Laos,,
182,16.58202,105.03685,26/10/2015,Madeline overseas collections - Laos,,
183,17.65534,104.64887,26/10/2015,Madeline overseas collections - Laos,,
184,17.6781,104.61144,26/10/2015,Madeline overseas collections - Laos,,
185,17.87061,104.41651,26/10/2015,Madeline overseas collections - Laos,,
186,16.6366,105.01566,26/10/2015,Madeline overseas collections - Laos,,
187,16.71539,104.93987,26/10/2015,Madeline overseas collections - Laos,,
188,16.74375,104.90356,26/10/2015,Madeline overseas collections - Laos,,
189,16.80294,104.90704,26/10/2015,Madeline overseas collections - Laos,,
190,18.25366,104.17893,26/10/2015,Madeline overseas collections - Laos,,
191,18.41356,103.6109,26/10/2015,Madeline overseas collections - Laos,,
192,17.24561,104.99006,26/10/2015,Madeline overseas collections - Laos,,
193,17.28461,107.97562,26/10/2015,Madeline overseas collections - Laos,,
194,18.45334,103.46152,26/10/2015,Madeline overseas collections - Laos,,
195,17.01218,104.9748,26/10/2015,Madeline overseas collections - Laos,,
196,17.04432,104.99509,26/10/2015,Madeline overseas collections - Laos,,
198,16.53386,106.45982,3/05/2016,Madeline overseas collections - Laos,,
199,16.58302,106.42869,3/05/2016,Madeline overseas collections - Laos,,
200,16.62199,106.56387,3/05/2016,Madeline overseas collections - Laos,,
201,16.61782,106.53319,3/05/2016,Madeline overseas collections - Laos,,
202,16.6467,106.39188,3/05/2016,Madeline overseas collections - Laos,,
203,16.64708,106.35786,3/05/2016,Madeline overseas collections - Laos,,
204,16.69151,106.23656,3/05/2016,Madeline overseas collections - Laos,,
205,16.70787,106.183333,4/05/2016,Madeline overseas collections - Laos,,
206,16.70719,106.14806,4/05/2016,Madeline overseas collections - Laos,,
207,16.69298,106.13209,4/05/2016,Madeline overseas collections - Laos,,
208,16.68822,106.12949,4/05/2016,Madeline overseas collections - Laos,,
209,16.66772,106.11771,4/05/2016,Madeline overseas collections - Laos,,
210,16.617,106.10776,4/05/2016,Madeline overseas collections - Laos,,
211,16.67147,106.12485,4/05/2016,Madeline overseas collections - Laos,,
212,16.70264,106.14263,4/05/2016,Madeline overseas collections - Laos,,
213,16.69318,105.45264,5/05/2016,Madeline overseas collections - Laos,,
214,16.694,105.40116,5/05/2016,Madeline overseas collections - Laos,,
215,16.70059,105.35978,5/05/2016,Madeline overseas collections - Laos,,
216,16.70846,105.2746,5/05/2016,Madeline overseas collections - Laos,,
217,16.70318,105.16013,5/05/2016,Madeline overseas collections - Laos,,
218,16.7018,105.12998,5/05/2016,Madeline overseas collections - Laos,,
219,16.69376,105.065,5/05/2016,Madeline overseas collections - Laos,,
220,16.56128,105.72936,5/05/2016,Madeline overseas collections - Laos,,
221,16.58731,105.67595,5/05/2016,Madeline overseas collections - Laos,,
222,16.61575,105.65047,5/05/2016,Madeline overseas collections - Laos,,
223,16.64082,105.63506,5/05/2016,Madeline overseas collections - Laos,,
224,16.67589,1055221,5/05/2016,Madeline overseas collections - Laos,,
225,16.54374,105.95933,5/05/2016,Madeline overseas collections - Laos,,
226,16.58059,105.87759,5/05/2016,Madeline overseas collections - Laos,,
227,16.57483,105.83681,5/05/2016,Madeline overseas collections - Laos,,
228,16.57612,105.82713,5/05/2016,Madeline overseas collections - Laos,,
229,16.56785,105.79725,5/05/2016,Madeline overseas collections - Laos,,
230,16.56914,105.77831,5/05/2016,Madeline overseas collections - Laos,,
231,16.57001,105.75961,5/05/2016,Madeline overseas collections - Laos,,
232,16.56273,105.74446,5/05/2016,Madeline overseas collections - Laos,,
233,16.5669,105.02866,6/05/2016,Madeline overseas collections - Laos,,
234,16.53281,105.2592,6/05/2016,Madeline overseas collections - Laos,,
235,16.51363,105.02849,6/05/2016,Madeline overseas collections - Laos,,
236,16.48325,105.04341,6/05/2016,Madeline overseas collections - Laos,,
237,16.32738,105.11614,6/05/2016,Madeline overseas collections - Laos,,
238,16.2945,105.13706,6/05/2016,Madeline overseas collections - Laos,,
239,16.2732,105.14389,6/05/2016,Madeline overseas collections - Laos,,
240,16.6366,105.01572,6/05/2016,Madeline overseas collections - Laos,,
241,16.62437,105.02167,6/05/2016,Madeline overseas collections - Laos,,
242,16.58204,105.03673,6/05/2016,Madeline overseas collections - Laos,,
243,16.4515,105.06077,6/05/2016,Madeline overseas collections - Laos,,
244,16.3885,105.10544,6/05/2016,Madeline overseas collections - Laos,,
245,16.3702,105.10462,6/05/2016,Madeline overseas collections - Laos,,
246,16.33525,105.10999,6/05/2016,Madeline overseas collections - Laos,,
247,17.6537,104.65096,7/05/2016,Madeline overseas collections - Laos,,
248,17.86561,104.42091,7/05/2016,Madeline overseas collections - Laos,,
249,17.89553,104.38853,7/05/2016,Madeline overseas collections - Laos,,
250,16.71569,104.94038,7/05/2016,Madeline overseas collections - Laos,,
251,16.74062,104.90598,7/05/2016,Madeline overseas collections - Laos,,
252,16.80212,104.90703,7/05/2016,Madeline overseas collections - Laos,,
253,16.83313,104.90378,7/05/2016,Madeline overseas collections - Laos,,
254,17.18384,105.00351,7/05/2016,Madeline overseas collections - Laos,,
255,17.22779,104.99767,7/05/2016,Madeline overseas collections - Laos,,
256,17.24615,104.98997,7/05/2016,Madeline overseas collections - Laos,,
257,17.28484,104.97519,7/05/2016,Madeline overseas collections - Laos,,
258,16.87927,104.9062,7/05/2016,Madeline overseas collections - Laos,,
259,16.9337,104.9111,7/05/2016,Madeline overseas collections - Laos,,
260,16.991116,104.93663,7/05/2016,Madeline overseas collections - Laos,,
261,17.01187,104.97392,7/05/2016,Madeline overseas collections - Laos,,
262,17.03052,104.99615,7/05/2016,Madeline overseas collections - Laos,,
263,17.04534,104.99497,7/05/2016,Madeline overseas collections - Laos,,
264,18.24149,104.18443,8/05/2016,Madeline overseas collections - Laos,,
265,18.25311,104.179,8/05/2016,Madeline overseas collections - Laos,,
266,18.32775,105.89631,8/05/2016,Madeline overseas collections - Laos,,
267,18.37193,103.75303,8/05/2016,Madeline overseas collections - Laos,,
268,18.39818,103.62936,8/05/2016,Madeline overseas collections - Laos,,
269,18.39818,103.62936,8/05/2016,Madeline overseas collections - Laos,,
270,18.41356,103.61084,8/05/2016,Madeline overseas collections - Laos,,
271,18.3818,103.20293,8/05/2016,Madeline overseas collections - Laos,,
272,18.61931,102. 32727 ,5/01/2017,Madeline overseas collections - Laos,,
273,18.58916,102. 23889,5/01/2017,Madeline overseas collections - Laos,,
274,18.76091,102. 36231,6/01/2017,Madeline overseas collections - Laos,,
275,18.52616,101. 60089,8/01/2017,Madeline overseas collections - Laos,,
276,18.51977,101. 60825,8/01/2017,Madeline overseas collections - Laos,,
277,18.67864,101. 67419,8/01/2017,Madeline overseas collections - Laos,,
278,18.67266,101. 67001,8/01/2017,Madeline overseas collections - Laos,,
279,18.32111,102. 05364,10/01/2017,Madeline overseas collections - Laos,,
280,18.31601,102. 04798,10/01/2017,Madeline overseas collections - Laos,,
282,18.28269,102. 22571,11/01/2017,Madeline overseas collections - Laos,,
283,18.27677,102. 22561,11/01/2017,Madeline overseas collections - Laos,,
0,13.240278,101.683611,13/07/2015,Madeline overseas collections - Thailand,,
1,13.75788001,101.684023,13/07/2015,Madeline overseas collections - Thailand,,
2,13.75788001,101.684023,13/07/2015,Madeline overseas collections - Thailand,,
3,13.757734,101.683771,13/07/2015,Madeline overseas collections - Thailand,,
4,13.757734,101.683771,13/07/2015,Madeline overseas collections - Thailand,,
5,13.980833,102.059167,13/07/2015,Madeline overseas collections - Thailand,,
6,13.937778,102.1025,13/07/2015,Madeline overseas collections - Thailand,,
7,13.940556,102.103889,13/07/2015,Madeline overseas collections - Thailand,,
8,13.93786303,102.102454,13/07/2015,Madeline overseas collections - Thailand,,
9,13.93786303,102.102454,13/07/2015,Madeline overseas collections - Thailand,,
10,13.93811197,102.102101,13/07/2015,Madeline overseas collections - Thailand,,
11,13.93811197,102.102101,13/07/2015,Madeline overseas collections - Thailand,,
12,13.94060399,102.103739,13/07/2015,Madeline overseas collections - Thailand,,
13,13.94060399,102.103739,13/07/2015,Madeline overseas collections - Thailand,,
14,13.98077602,102.05089,13/07/2015,Madeline overseas collections - Thailand,,
15,13.98077602,102.05089,13/07/2015,Madeline overseas collections - Thailand,,
16,13.98149796,102.050979,13/07/2015,Madeline overseas collections - Thailand,,
17,13.98149796,102.050979,13/07/2015,Madeline overseas collections - Thailand,,
18,14.50871497,101.956984,13/07/2015,Madeline overseas collections - Thailand,,
19,14.69325598,101.963523,14/07/2015,Madeline overseas collections - Thailand,,
20,14.67966498,101.896292,14/07/2015,Madeline overseas collections - Thailand,,
21,14.59262101,101.89095,14/07/2015,Madeline overseas collections - Thailand,,
22,14.588607,101.892438,14/07/2015,Madeline overseas collections - Thailand,,
23,14.582078,101.891718,14/07/2015,Madeline overseas collections - Thailand,,
24,14.49321298,101.94274,14/07/2015,Madeline overseas collections - Thailand,,
25,14.49436499,101.942288,14/07/2015,Madeline overseas collections - Thailand,,
26,14.49633398,101.94823,14/07/2015,Madeline overseas collections - Thailand,,
27,14.60302404,102.023504,14/07/2015,Madeline overseas collections - Thailand,,
28,13.93235302,101.577816,14/07/2015,Madeline overseas collections - Thailand,,
29,14.58528701,102.048775,15/07/2015,Madeline overseas collections - Thailand,,
30,14.56360303,102.080336,15/07/2015,Madeline overseas collections - Thailand,,
31,14.79811301,101.900756,15/07/2015,Madeline overseas collections - Thailand,,
32,14.80745204,101.869359,15/07/2015,Madeline overseas collections - Thailand,,
33,14.66115799,101.460577,15/07/2015,Madeline overseas collections - Thailand,,
34,14.53787302,101.109796,15/07/2015,Madeline overseas collections - Thailand,,
35,14.57373901,101.076016,15/07/2015,Madeline overseas collections - Thailand,,
36,14.53202203,100.974174,15/07/2015,Madeline overseas collections - Thailand,,
37,17.20286803,100.025059,12/09/2015,Madeline overseas collections - Thailand,,
38,17.20123499,100.023533,12/09/2015,Madeline overseas collections - Thailand,,
39,17.20923602,99.96214304,12/09/2015,Madeline overseas collections - Thailand,,
40,15.78065101,100.120985,13/09/2015,Madeline overseas collections - Thailand,,
41,16.54260901,100.148251,13/09/2015,Madeline overseas collections - Thailand,,
42,16.535359,100.149469,13/09/2015,Madeline overseas collections - Thailand,,
43,16.36766503,100.132208,13/09/2015,Madeline overseas collections - Thailand,,
44,16.71255796,100.175018,13/09/2015,Madeline overseas collections - Thailand,,
45,17.17366003,99.92381603,13/09/2015,Madeline overseas collections - Thailand,,
46,17.04120199,99.91223501,13/09/2015,Madeline overseas collections - Thailand,,
47,16.96000599,99.959677,13/09/2015,Madeline overseas collections - Thailand,,
48,16.959303,100.107609,13/09/2015,Madeline overseas collections - Thailand,,
49,16.92183103,100.181522,13/09/2015,Madeline overseas collections - Thailand,,
50,14.62236679,101.0362863,20/09/2015,Madeline overseas collections - Thailand,,
51,14.6228376,101.0359707,20/09/2015,Madeline overseas collections - Thailand,,
52,14.60432684,101.0417758,20/09/2015,Madeline overseas collections - Thailand,,
53,12.70405702,101.078159,30/09/2015,Madeline overseas collections - Thailand,,
54,12.70662297,101.074452,30/09/2015,Madeline overseas collections - Thailand,,
55,12.70336409,101.0778238,30/09/2015,Madeline overseas collections - Thailand,,
56,12.70637797,101.074627,30/09/2015,Madeline overseas collections - Thailand,,
57,12.76485231,99.70633498,30/09/2015,Madeline overseas collections - Thailand,,
58,12.76495339,99.70639416,30/09/2015,Madeline overseas collections - Thailand,,
59,12.69687164,101.0717766,30/09/2015,Madeline overseas collections - Thailand,,
60,12.69130697,101.070594,30/09/2015,Madeline overseas collections - Thailand,,
61,12.69689301,101.071742,30/09/2015,Madeline overseas collections - Thailand,,
62,12.692476,101.083026,30/09/2015,Madeline overseas collections - Thailand,,
63,12.68551801,101.093843,30/09/2015,Madeline overseas collections - Thailand,,
64,12.71757846,101.0896777,30/09/2015,Madeline overseas collections - Thailand,,
65,12.55651927,99.87141497,4/10/2015,Madeline overseas collections - Thailand,,
66,12.75578435,99.7074999,4/10/2015,Madeline overseas collections - Thailand,,
67,12.77887372,99.70177053,4/10/2015,Madeline overseas collections - Thailand,,
68,12.76485231,99.70633498,4/10/2015,Madeline overseas collections - Thailand,,
69,12.76495339,99.70639416,4/10/2015,Madeline overseas collections - Thailand,,
70,12.74156252,99.69495915,4/10/2015,Madeline overseas collections - Thailand,,
71,12.74148591,99.69583548,4/10/2015,Madeline overseas collections - Thailand,,
72,12.76495599,99.70639701,4/10/2015,Madeline overseas collections - Thailand,,
73,15.38716625,99.74241815,4/11/2015,Madeline overseas collections - Thailand,,
74,15.38716625,99.74241815,4/11/2015,Madeline overseas collections - Thailand,,
75,15.52840181,99.48958391,4/11/2015,Madeline overseas collections - Thailand,,
76,15.72780648,99.54679721,6/11/2015,Madeline overseas collections - Thailand,,
77,15.94022194,99.46272661,6/11/2015,Madeline overseas collections - Thailand,,
78,15.94698655,99.46154611,6/11/2015,Madeline overseas collections - Thailand,,
79,15.95520879,99.45935035,6/11/2015,Madeline overseas collections - Thailand,,
80,15.96070749,99.45828827,6/11/2015,Madeline overseas collections - Thailand,,
81,17.10430134,99.07585712,6/11/2015,Madeline overseas collections - Thailand,,
82,14.18390293,100.2912506,14/11/2015,Madeline overseas collections - Thailand,,
83,14.18390293,100.2912506,14/11/2015,Madeline overseas collections - Thailand,,
84,14.22990815,100.2724116,14/11/2015,Madeline overseas collections - Thailand,,
85,14.22990815,100.2724116,14/11/2015,Madeline overseas collections - Thailand,,
86,14.22990815,100.2724116,14/11/2015,Madeline overseas collections - Thailand,,
87,14.22990815,100.2724116,14/11/2015,Madeline overseas collections - Thailand,,
88,14.33581343,100.2005387,14/11/2015,Madeline overseas collections - Thailand,,
89,14.33581343,100.2005387,14/11/2015,Madeline overseas collections - Thailand,,
90,14.33581343,100.2005387,14/11/2015,Madeline overseas collections - Thailand,,
91,14.33581343,100.2005387,14/11/2015,Madeline overseas collections - Thailand,,
92,14.63843733,99.92634324,14/11/2015,Madeline overseas collections - Thailand,,
93,14.63843733,99.92634324,14/11/2015,Madeline overseas collections - Thailand,,
94,14.63843733,99.92634324,14/11/2015,Madeline overseas collections - Thailand,,
95,14.63843733,99.92634324,14/11/2015,Madeline overseas collections - Thailand,,
96,14.63669388,99.88174853,14/11/2015,Madeline overseas collections - Thailand,,
97,14.67340331,99.85384924,14/11/2015,Madeline overseas collections - Thailand,,
98,14.70210262,99.84025149,14/11/2015,Madeline overseas collections - Thailand,,
99,14.72468927,99.8217134,14/11/2015,Madeline overseas collections - Thailand,,
100,14.72850744,99.81574544,14/11/2015,Madeline overseas collections - Thailand,,
101,14.81364551,99.620612,14/11/2015,Madeline overseas collections - Thailand,,
102,14.81364551,99.620612,14/11/2015,Madeline overseas collections - Thailand,,
103,14.81364551,99.620612,14/11/2015,Madeline overseas collections - Thailand,,
104,14.81364551,99.620612,14/11/2015,Madeline overseas collections - Thailand,,
105,14.81364551,99.620612,14/11/2015,Madeline overseas collections - Thailand,,
106,14.77071891,99.56802137,14/11/2015,Madeline overseas collections - Thailand,,
107,14.72600162,99.53786292,14/11/2015,Madeline overseas collections - Thailand,,
108,14.71732796,99.52348978,14/11/2015,Madeline overseas collections - Thailand,,
109,14.71864029,99.51480741,14/11/2015,Madeline overseas collections - Thailand,,
110,14.71695964,99.51435758,14/11/2015,Madeline overseas collections - Thailand,,
111,14.61312868,99.58073384,15/11/2015,Madeline overseas collections - Thailand,,
112,14.61020576,99.58540563,15/11/2015,Madeline overseas collections - Thailand,,
113,14.60741931,99.58970628,15/11/2015,Madeline overseas collections - Thailand,,
114,14.602802,99.60280343,15/11/2015,Madeline overseas collections - Thailand,,
115,14.59706806,99.62077103,15/11/2015,Madeline overseas collections - Thailand,,
116,14.59601688,99.62167792,15/11/2015,Madeline overseas collections - Thailand,,
117,14.49039769,99.72895049,15/11/2015,Madeline overseas collections - Thailand,,
118,14.50117419,99.73774589,15/11/2015,Madeline overseas collections - Thailand,,
119,14.50117419,99.73774589,15/11/2015,Madeline overseas collections - Thailand,,
120,14.49601466,99.73683797,15/11/2015,Madeline overseas collections - Thailand,,
121,14.49849654,99.74110557,15/11/2015,Madeline overseas collections - Thailand,,
122,14.50097576,99.73759675,15/11/2015,Madeline overseas collections - Thailand,,
123,14.49235203,99.7196681,15/11/2015,Madeline overseas collections - Thailand,,
124,14.38465915,99.73601712,15/11/2015,Madeline overseas collections - Thailand,,
125,14.3573318,99.7289445,15/11/2015,Madeline overseas collections - Thailand,,
126,14.35303339,99.73896475,15/11/2015,Madeline overseas collections - Thailand,,
127,14.60482407,99.50510852,15/11/2015,Madeline overseas collections - Thailand,,
128,14.59981032,99.50737173,15/11/2015,Madeline overseas collections - Thailand,,
129,14.59992723,99.51180062,15/11/2015,Madeline overseas collections - Thailand,,
130,14.59992723,99.51180062,15/11/2015,Madeline overseas collections - Thailand,,
131,11.79767322,99.77654248,11/12/2015,Madeline overseas collections - Thailand,,
132,11.62239723,99.68853903,11/12/2015,Madeline overseas collections - Thailand,,
133,11.62250712,99.68828028,11/12/2015,Madeline overseas collections - Thailand,,
134,11.7848448,99.75569316,11/12/2015,Madeline overseas collections - Thailand,,
135,12.55651927,99.87141497,12/12/2015,Madeline overseas collections - Thailand,,
136,12.56930117,99.86782501,12/12/2015,Madeline overseas collections - Thailand,,
137,12.73363332,99.92761815,12/12/2015,Madeline overseas collections - Thailand,,
138,13.64912407,99.462433,13/12/2015,Madeline overseas collections - Thailand,,
139,13.64912407,99.462433,13/12/2015,Madeline overseas collections - Thailand,,
140,13.64912407,99.462433,13/12/2015,Madeline overseas collections - Thailand,,
141,13.64912407,99.462433,13/12/2015,Madeline overseas collections - Thailand,,
142,13.64912407,99.462433,13/12/2015,Madeline overseas collections - Thailand,,
143,13.64912407,99.462433,13/12/2015,Madeline overseas collections - Thailand,,
144,13.64912407,99.462433,13/12/2015,Madeline overseas collections - Thailand,,
145,13.64912407,99.462433,13/12/2015,Madeline overseas collections - Thailand,,
146,13.64912407,99.462433,13/12/2015,Madeline overseas collections - Thailand,,
147,13.64929623,99.46256384,13/12/2015,Madeline overseas collections - Thailand,,
148,13.5387168,99.55537381,13/12/2015,Madeline overseas collections - Thailand,,
149,13.54209789,99.55324053,13/12/2015,Madeline overseas collections - Thailand,,
150,13.61736411,99.41449966,13/12/2015,Madeline overseas collections - Thailand,,
151,13.61793132,99.4293073,13/12/2015,Madeline overseas collections - Thailand,,
152,13.63744573,99.46250894,13/12/2015,Madeline overseas collections - Thailand,,
153,13.65439025,99.45824356,13/12/2015,Madeline overseas collections - Thailand,,
154,13.65449343,99.45821833,13/12/2015,Madeline overseas collections - Thailand,,
155,13.64283219,99.54013132,13/12/2015,Madeline overseas collections - Thailand,,
156,13.64285599,99.540076,13/12/2015,Madeline overseas collections - Thailand,,
157,13.64295381,99.5398791,13/12/2015,Madeline overseas collections - Thailand,,
158,13.58476714,99.71294797,13/12/2015,Madeline overseas collections - Thailand,,
159,13.58445198,99.71281503,13/12/2015,Madeline overseas collections - Thailand,,
160,16.98428978,99.11996938,5/01/2016,Madeline overseas collections - Thailand,,
161,17.06135688,99.07013533,5/01/2016,Madeline overseas collections - Thailand,,
162,17.06135688,99.07013533,5/01/2016,Madeline overseas collections - Thailand,,
163,17.06135688,99.07013533,5/01/2016,Madeline overseas collections - Thailand,,
164,17.06135688,99.07013533,5/01/2016,Madeline overseas collections - Thailand,,
165,17.06135688,99.07013533,5/01/2016,Madeline overseas collections - Thailand,,
166,17.06135688,99.07013533,5/01/2016,Madeline overseas collections - Thailand,,
167,17.21088004,99.12250344,5/01/2016,Madeline overseas collections - Thailand,,
168,17.80925508,99.72705531,7/01/2016,Madeline overseas collections - Thailand,,
169,16.97302073,99.52073236,8/01/2016,Madeline overseas collections - Thailand,,
170,16.96202393,99.51201402,8/01/2016,Madeline overseas collections - Thailand,,
171,16.94963292,99.52199218,8/01/2016,Madeline overseas collections - Thailand,,
172,16.97726406,99.52273543,8/01/2016,Madeline overseas collections - Thailand,,
173,16.97732381,99.524107,8/01/2016,Madeline overseas collections - Thailand,,
174,16.98413676,99.53898651,9/01/2016,Madeline overseas collections - Thailand,,
175,16.72924831,99.60022591,9/01/2016,Madeline overseas collections - Thailand,,
176,16.71932297,99.61258635,9/01/2016,Madeline overseas collections - Thailand,,
177,16.71932297,99.61258635,9/01/2016,Madeline overseas collections - Thailand,,
178,16.71932297,99.61258635,9/01/2016,Madeline overseas collections - Thailand,,
179,16.71932297,99.61258635,9/01/2016,Madeline overseas collections - Thailand,,
180,16.71932297,99.61258635,9/01/2016,Madeline overseas collections - Thailand,,
181,16.71932297,99.61258635,9/01/2016,Madeline overseas collections - Thailand,,
182,16.71932297,99.61258635,9/01/2016,Madeline overseas collections - Thailand,,
183,16.71932297,99.61258635,9/01/2016,Madeline overseas collections - Thailand,,
184,16.71932297,99.61258635,9/01/2016,Madeline overseas collections - Thailand,,
185,16.71932297,99.61258635,9/01/2016,Madeline overseas collections - Thailand,,
186,16.71932297,99.61258635,9/01/2016,Madeline overseas collections - Thailand,,
187,16.71548845,99.61624177,9/01/2016,Madeline overseas collections - Thailand,,
188,16.71548845,99.61624177,9/01/2016,Madeline overseas collections - Thailand,,
189,16.71548845,99.61624177,9/01/2016,Madeline overseas collections - Thailand,,
190,16.71548845,99.61624177,9/01/2016,Madeline overseas collections - Thailand,,
191,16.71548845,99.61624177,9/01/2016,Madeline overseas collections - Thailand,,
192,16.71548845,99.61624177,9/01/2016,Madeline overseas collections - Thailand,,
193,16.71548845,99.61624177,9/01/2016,Madeline overseas collections - Thailand,,
194,16.71548845,99.61624177,9/01/2016,Madeline overseas collections - Thailand,,
195,16.71548845,99.61624177,9/01/2016,Madeline overseas collections - Thailand,,
196,12.7154565,100.9876714,28/01/2016,Madeline overseas collections - Thailand,,
197,12.71428705,101.0721767,28/01/2016,Madeline overseas collections - Thailand,,
198,12.70657553,101.0744651,28/01/2016,Madeline overseas collections - Thailand,,
199,12.70391344,101.0781064,28/01/2016,Madeline overseas collections - Thailand,,
200,12.69126532,101.0706294,28/01/2016,Madeline overseas collections - Thailand,,
201,13.25958333,101.1365195,28/01/2016,Madeline overseas collections - Thailand,,
202,14.62236679,101.0302863,16/03/2016,Madeline overseas collections - Thailand,,
203,16.80815298,104.700144,21/03/2016,Madeline overseas collections - Thailand,,
204,16.88629797,104.681194,21/03/2016,Madeline overseas collections - Thailand,,
205,17.53701797,103.973332,21/03/2016,Madeline overseas collections - Thailand,,
206,17.02042602,104.331138,21/03/2016,Madeline overseas collections - Thailand,,
207,17.67647096,103.762858,21/03/2016,Madeline overseas collections - Thailand,,
208,17.57643102,103.853667,21/03/2016,Madeline overseas collections - Thailand,,
209,17.66530802,103.787034,21/03/2016,Madeline overseas collections - Thailand,,
210,17.691694,103.805765,21/03/2016,Madeline overseas collections - Thailand,,
211,13.64912407,99.462433,22/04/2016,Madeline overseas collections - Thailand,,
212,13.61736411,99.41449966,22/04/2016,Madeline overseas collections - Thailand,,
213,13.58476714,99.71294797,22/04/2016,Madeline overseas collections - Thailand,,
214,16.25918702,103.58483,10/06/2016,Madeline overseas collections - Thailand,,
215,16.466818,103.275003,10/06/2016,Madeline overseas collections - Thailand,,
216,16.46101596,103.275644,10/06/2016,Madeline overseas collections - Thailand,,
217,16.42235099,103.294353,10/06/2016,Madeline overseas collections - Thailand,,
218,16.42253498,103.293637,10/06/2016,Madeline overseas collections - Thailand,,
219,16.37427198,103.378636,10/06/2016,Madeline overseas collections - Thailand,,
220,15.72388398,102.591854,10/06/2016,Madeline overseas collections - Thailand,,
221,16.68936498,102.701799,10/06/2016,Madeline overseas collections - Thailand,,
222,15.38378,102.4634,10/06/2016,Madeline overseas collections - Thailand,,
223,15.38374099,102.463589,10/06/2016,Madeline overseas collections - Thailand,,
224,15.12433601,102.294508,10/06/2016,Madeline overseas collections - Thailand,,
225,14.61986002,102.891019,11/06/2016,Madeline overseas collections - Thailand,,
0,0.333,101.85,,SE Asia,,
1,-9.06519,124.84118,,SE Asia,,
2,-8.77427,121.77455,,SE Asia,,
3,-8.55385,122.74429,,SE Asia,,
4,-8.64612,122.43537,,SE Asia,,
5,-9.83808,124.21252,,SE Asia,,
6,-9.57641,124.32607,,SE Asia,,
7,-9.831667,124.3,,SE Asia,,
8,-3.3245,104.87,,SE Asia,,
9,0.3304,101.2397,,SE Asia,,
10,0.5695,117619.0,,SE Asia,,
11,6.5971,106.806,,SE Asia,,
12,4.9792,119.6476,,SE Asia,,
13,13.66223,101.08675,,SE Asia,,
14,16.51735,105.91339,,SE Asia,,
15,18.11728,103.76376,,SE Asia,,
16,3.67166,114.6333,,SE Asia,,
17,16.0,107.0,,SE Asia,,
18,13.75,100.5,,SE Asia,,
19,4.21,101.98,,SE Asia,,
20,14.2,99.78,,SE Asia,,
21,16.55,104.75,,SE Asia,,
22,21.37,105.79,,SE Asia,,
23,10.82,106.71,,SE Asia,,
24,11.12,107.18,,SE Asia,,
25,11.75,106.92,,SE Asia,,
26,19.42,103.5,,SE Asia,,
27,17.98,102.63,,SE Asia,,
28,7.48,80.65,,SE Asia,,
29,5.25,117.0,,SE Asia,,
